<?xml version="1.0" encoding="UTF-8"?>
<root>
  <magicslider>
    <item>
      <title><![CDATA[Slider Demo 1]]></title>
      <identifier><![CDATA[slider1]]></identifier>
      <config><![CDATA[{"magicslider_id":"2","title":"Slider Demo 1","status":"1","mobile":"1","portrait":"1","landscape":"1","tablet":"1","notebook":"1","laptop":"1","desktop":"1","widescreen":"1","visible":"1","vertical":"false","infinite":"true","autoplay":"true","arrows":"true","dots":"true","rows":"1","speed":"400","autoplay-Speed":"6000","padding":"0","media_gallery":{"images":{"seb4bnmel7p":{"position":"1","media_type":"image","video_provider":"","file":"\/s\/l\/slide1-1.jpg","value_id":"","label":"Alotheme Expert","link":"http:\/\/alothemes.com\/","caption":"<div class=\"container figcaption\">\r\n\t<div class=\"text-slide text-slide1\">\r\n\t\t<h3 class=\"caption1 black\">Smart Watches<\/h3>\r\n\t\t<h3 class=\"caption2 black\">Wishing for is right here<\/h3>\r\n\t\t<h3 class=\"caption3 gray\">The curved display has a curvature level equivalent <br> to that of a circle tracks the round.<\/h3>\r\n\t\t<h3 class=\"caption5\"><a href=\"#\" class=\"btn-shop\">Shop Now<\/a><\/h3>\r\n\t<\/div>\r\n<\/div>","disabled":"0","removed":"","video_url":"","video_title":"","video_description":"","video_metadata":"","role":""},"njsjohw4gvg":{"position":"2","media_type":"image","video_provider":"","file":"\/s\/l\/slide1-2.jpg","value_id":"","label":"Alotheme Expert","link":"http:\/\/alothemes.com\/","caption":"<div class=\"container figcaption\">\r\n\t<div class=\"text-slide text-slide2\">\r\n\t\t<h3 class=\"caption1 black\">New Smartphone<\/h3>\r\n\t\t<h3 class=\"caption2 black\">Gift you are wishing<\/h3>\r\n\t\t<h3 class=\"caption3 black\">for right here.<\/h3>\r\n\t\t<h3 class=\"caption4 gray\">Big screen in incredibly slim design that <br> in your hand.<\/h3>\r\n\t\t<h3 class=\"caption5\"><a href=\"#\" class=\"btn-shop\">Shop Now<\/a><\/h3>\r\n\t<\/div>\r\n<\/div>","disabled":"0","removed":"","video_url":"","video_title":"","video_description":"","video_metadata":"","role":""},"bwfp9ufrppn":{"position":"3","media_type":"image","video_provider":"","file":"\/s\/l\/slide1-3.jpg","value_id":"","label":"Alotheme Expert","link":"http:\/\/alothemes.com\/","caption":"<div class=\"container figcaption\">\r\n\t<div class=\"text-slide text-slide3\">\r\n\t\t<h3 class=\"caption1 black\">The Gift HD LED TV<\/h3>\r\n\t\t<h3 class=\"caption2 black\">Wishing for is right here<\/h3>\r\n\t\t<h3 class=\"caption3 gray\">The curved display has a curvature level equivalent <br> to that of a circle tracks the round.<\/h3>\r\n\t\t<h3 class=\"caption5\"><a href=\"#\" class=\"btn-shop\">Shop Now<\/a><\/h3>\r\n\t<\/div>\r\n<\/div>","disabled":"0","removed":"","video_url":"","video_title":"","video_description":"","video_metadata":"","role":""}}},"media_gallery_mobile":{"images":{"vwd95roqt4k":{"position":"4","media_type":"image","video_provider":"","file":"\/mobile\/s\/l\/slide1-1mobile_1.jpg","value_id":"","label":"","link":"http:\/\/alothemes.com\/","caption":"<div class=\"container figcaption\">\r\n\t<div class=\"text-slide text-slide1\">\r\n\t\t<h3 class=\"caption1 black\">Smart Watches<\/h3>\r\n\t\t<h3 class=\"caption2 black\">Wishing for is right here<\/h3>\r\n\t\t<h3 class=\"caption3 gray\">The curved display has a curvature level equivalent <br> to that of a circle tracks the round.<\/h3>\r\n\t\t<h3 class=\"caption5\"><a href=\"#\" class=\"btn-shop\">Shop Now<\/a><\/h3>\r\n\t<\/div>\r\n<\/div>","disabled":"0","removed":"","video_url":"","video_title":"","video_description":"","video_metadata":"","role":""},"8si1b3ek6lf":{"position":"5","media_type":"image","video_provider":"","file":"\/mobile\/s\/l\/slide1-2mobile_1.jpg","value_id":"","label":"","link":"http:\/\/alothemes.com\/","caption":"<div class=\"container figcaption\">\r\n\t<div class=\"text-slide text-slide2\">\r\n\t\t<h3 class=\"caption1 black\">New Smartphone<\/h3>\r\n\t\t<h3 class=\"caption2 black\">Gift you are wishing<\/h3>\r\n\t\t<h3 class=\"caption3 black\">for right here.<\/h3>\r\n\t\t<h3 class=\"caption4 gray\">Big screen in incredibly slim design that <br> in your hand.<\/h3>\r\n\t\t<h3 class=\"caption5\"><a href=\"#\" class=\"btn-shop\">Shop Now<\/a><\/h3>\r\n\t<\/div>\r\n<\/div>","disabled":"0","removed":"","video_url":"","video_title":"","video_description":"","video_metadata":"","role":""},"c2cua98u2qr":{"position":"6","media_type":"image","video_provider":"","file":"\/mobile\/s\/l\/slide1-3mobile_1.jpg","value_id":"","label":"","link":"http:\/\/alothemes.com\/","caption":"<div class=\"container figcaption\">\r\n\t<div class=\"text-slide text-slide3\">\r\n\t\t<h3 class=\"caption1 black\">The Gift HD LED TV<\/h3>\r\n\t\t<h3 class=\"caption2 black\">Wishing for is right here<\/h3>\r\n\t\t<h3 class=\"caption3 gray\">The curved display has a curvature level equivalent <br> to that of a circle tracks the round.<\/h3>\r\n\t\t<h3 class=\"caption5\"><a href=\"#\" class=\"btn-shop\">Shop Now<\/a><\/h3>\r\n\t<\/div>\r\n<\/div>","disabled":"0","removed":"","video_url":"","video_title":"","video_description":"","video_metadata":"","role":""}}}}]]></config>
      <status><![CDATA[1]]></status>
    </item>
    <item>
      <title><![CDATA[Slider Demo 2]]></title>
      <identifier><![CDATA[slider2]]></identifier>
      <config><![CDATA[{"magicslider_id":"3","title":"Slider Demo 2","status":"1","mobile":"1","portrait":"1","landscape":"1","tablet":"1","notebook":"1","laptop":"1","desktop":"1","widescreen":"1","visible":"1","vertical":"false","infinite":"true","autoplay":"true","arrows":"true","dots":"false","rows":"1","speed":"400","autoplay-Speed":"6000","padding":"0","media_gallery":{"images":{"pav0siwasa":{"position":"1","media_type":"image","video_provider":"","file":"\/s\/l\/slide2-1.jpg","value_id":"","label":"","link":"http:\/\/alothemes.com\/","caption":"<div class=\"container figcaption\">\r\n\t<div class=\"text-slide text-slide1\">\r\n\t\t<h3 class=\"caption1 black\">Gear VR With<\/h3>\r\n\t\t<h3 class=\"caption2 black\">Controller<\/h3>\r\n\t\t<h3 class=\"caption3 gray\">Hundreds Choice to pick out<\/h3>\r\n\t\t<h3 class=\"caption5\"><a href=\"#\" class=\"btn-shop\">Shop Now<\/a><\/h3>\r\n\t<\/div>\r\n<\/div>","disabled":"0","removed":"","video_url":"","video_title":"","video_description":"","video_metadata":"","role":""},"5cn1bwrpipu":{"position":"2","media_type":"image","video_provider":"","file":"\/s\/l\/slider2-2.jpg","value_id":"","label":"","link":"http:\/\/alothemes.com\/","caption":"<div class=\"container figcaption\">\r\n\t<div class=\"text-slide text-slide2\">\r\n\t\t<h3 class=\"caption1 black\"><span class=\"red\">4K<\/span> Ultral HD<\/h3>\r\n\t\t<h3 class=\"caption2 white\">4k UHD Video Processing<br>To that of a circle tracks the round.<\/h3>\r\n\t\t<h3 class=\"caption5\"><a href=\"#\" class=\"btn-shop\">Shop Now<\/a><\/h3>\r\n\t<\/div>\r\n<\/div>","disabled":"0","removed":"","video_url":"","video_title":"","video_description":"","video_metadata":"","role":""},"4oe1i43slc6":{"position":"3","media_type":"image","video_provider":"","file":"\/s\/l\/slider2-3.jpg","value_id":"","label":"","link":"http:\/\/alothemes.com\/","caption":"<div class=\"container figcaption\">\r\n\t<div class=\"text-slide text-slide3\">\r\n\t\t<h3 class=\"caption1 white\">IWATCH Straps is Here<\/h3>\r\n\t\t<h3 class=\"caption2 white\">Hundreds Choice to pick out<\/h3>\r\n\t\t<h3 class=\"caption5\"><a href=\"#\" class=\"btn-shop\">Change your look now<\/a><\/h3>\r\n\t<\/div>\r\n<\/div>","disabled":"0","removed":"","video_url":"","video_title":"","video_description":"","video_metadata":"","role":""}}},"media_gallery_mobile":{"images":{"7tmi3bjwhme":{"position":"1","media_type":"image","video_provider":"","file":"\/mobile\/s\/l\/slider-1-2mobile.jpg","value_id":"","label":"","link":"http:\/\/alothemes.com\/","caption":"<div class=\"container figcaption\">\r\n\t<div class=\"text-slide text-slide1\">\r\n\t\t<h3 class=\"caption1 black\">Gear VR With<\/h3>\r\n\t\t<h3 class=\"caption2 black\">Controller<\/h3>\r\n\t\t<h3 class=\"caption3 gray\">Hundreds Choice to pick out<\/h3>\r\n\t\t<h3 class=\"caption5\"><a href=\"#\" class=\"btn-shop\">Shop Now<\/a><\/h3>\r\n\t<\/div>\r\n<\/div>","disabled":"0","removed":"","video_url":"","video_title":"","video_description":"","video_metadata":"","role":""},"03wveek9heouh":{"position":"2","media_type":"image","video_provider":"","file":"\/mobile\/s\/l\/slider2-2mobile.jpg","value_id":"","label":"","link":"http:\/\/alothemes.com\/","caption":"<div class=\"container figcaption\">\r\n\t<div class=\"text-slide text-slide2\">\r\n\t\t<h3 class=\"caption1 black\"><span class=\"red\">4K<\/span> Ultral HD<\/h3>\r\n\t\t<h3 class=\"caption2 white\">4k UHD Video Processing<br>To that of a circle tracks the round.<\/h3>\r\n\t\t<h3 class=\"caption5\"><a href=\"#\" class=\"btn-shop\">Shop Now<\/a><\/h3>\r\n\t<\/div>\r\n<\/div>","disabled":"0","removed":"","video_url":"","video_title":"","video_description":"","video_metadata":"","role":""},"9cf3f1307vl":{"position":"3","media_type":"image","video_provider":"","file":"\/mobile\/s\/l\/slider3-2mobile.jpg","value_id":"","label":"","link":"http:\/\/alothemes.com\/","caption":"<div class=\"container figcaption\">\r\n\t<div class=\"text-slide text-slide3\">\r\n\t\t<h3 class=\"caption1 white\">IWATCH Straps is Here<\/h3>\r\n\t\t<h3 class=\"caption2 white\">Hundreds Choice to pick out<\/h3>\r\n\t\t<h3 class=\"caption5\"><a href=\"#\" class=\"btn-shop\">Change your look now<\/a><\/h3>\r\n\t<\/div>\r\n<\/div>","disabled":"0","removed":"","video_url":"","video_title":"","video_description":"","video_metadata":"","role":""}}}}]]></config>
      <status><![CDATA[1]]></status>
    </item>
    <item>
      <title><![CDATA[Slide Demo 3]]></title>
      <identifier><![CDATA[slider3]]></identifier>
      <config><![CDATA[{"magicslider_id":"4","title":"Slide Demo 3","status":"1","mobile":"1","portrait":"1","landscape":"1","tablet":"1","notebook":"1","laptop":"1","desktop":"1","widescreen":"1","visible":"1","vertical":"false","infinite":"true","autoplay":"true","arrows":"true","dots":"false","rows":"1","speed":"400","autoplay-Speed":"6000","padding":"0","media_gallery":{"images":{"6howko7t2gk":{"position":"4","media_type":"image","video_provider":"","file":"\/s\/l\/slider3-1.jpg","value_id":"","label":"","link":"http:\/\/alothemes.com\/","caption":"<div class=\"container figcaption\">\r\n\t<div class=\"text-slide text-slide1\">\r\n\t\t<h3 class=\"caption1 black\">Beds & <br> Mattresses<\/h3>\r\n\t\t<h3 class=\"caption3 gray\">Divan & wood Framed Beds.<\/h3>\r\n\t\t<h3 class=\"caption5\"><a href=\"#\" class=\"btn-shop\">Shop Now<\/a><\/h3>\r\n\t<\/div>\r\n<\/div>","disabled":"0","removed":"","video_url":"","video_title":"","video_description":"","video_metadata":"","role":""},"n42umusmrum":{"position":"5","media_type":"image","video_provider":"","file":"\/s\/l\/slider3-2.jpg","value_id":"","label":"","link":"http:\/\/alothemes.com\/","caption":"<div class=\"container figcaption\">\r\n\t<div class=\"text-slide text-slide2\">\r\n\t\t<h3 class=\"caption1 black\">Elegant,<\/h3>\r\n\t\t<h3 class=\"caption2 black\">Contemporary<\/h3>\r\n\t\t<h3 class=\"caption3 blue\">Lighting<\/h3>\r\n\t\t<h3 class=\"caption4 gray\">For your Furniture<\/h3>\r\n\t\t<h3 class=\"caption5\"><a href=\"#\" class=\"btn-shop\">Shop Now<\/a><\/h3>\r\n\t<\/div>\r\n<\/div>","disabled":"0","removed":"","video_url":"","video_title":"","video_description":"","video_metadata":"","role":""},"632tsk437i4":{"position":"6","media_type":"image","video_provider":"","file":"\/s\/l\/slider3-3.jpg","value_id":"","label":"","link":"http:\/\/alothemes.com\/","caption":"<div class=\"container figcaption\">\r\n\t<div class=\"text-slide text-slide3\">\r\n\t\t<h3 class=\"caption1 gray\">Design<\/h3>\r\n\t\t<h3 class=\"caption2 black\">Home Decor<\/h3>\r\n\t\t<h3 class=\"caption3 gray\">Collection<\/h3>\r\n\t\t<h3 class=\"caption5\"><a href=\"#\" class=\"btn-shop\">Change your look now<\/a><\/h3>\r\n\t<\/div>\r\n<\/div>","disabled":"0","removed":"","video_url":"","video_title":"","video_description":"","video_metadata":"","role":""}}},"media_gallery_mobile":{"images":{"pcemoi86sc":{"position":"1","media_type":"image","video_provider":"","file":"\/mobile\/s\/l\/slider3-1mobile.jpg","value_id":"","label":"","link":"http:\/\/alothemes.com\/","caption":"<div class=\"container figcaption\">\r\n\t<div class=\"text-slide text-slide1\">\r\n\t\t<h3 class=\"caption1 black\">Beds & <br> Mattresses<\/h3>\r\n\t\t<h3 class=\"caption3 gray\">Divan & wood Framed Beds.<\/h3>\r\n\t\t<h3 class=\"caption5\"><a href=\"#\" class=\"btn-shop\">Shop Now<\/a><\/h3>\r\n\t<\/div>\r\n<\/div>","disabled":"0","removed":"","video_url":"","video_title":"","video_description":"","video_metadata":"","role":""},"3ldfvqkqui":{"position":"2","media_type":"image","video_provider":"","file":"\/mobile\/s\/l\/slider3-2mobile_1.jpg","value_id":"","label":"","link":"http:\/\/alothemes.com\/","caption":"<div class=\"container figcaption\">\r\n\t<div class=\"text-slide text-slide2\">\r\n\t\t<h3 class=\"caption1 black\">Elegant,<\/h3>\r\n\t\t<h3 class=\"caption2 black\">Contemporary<\/h3>\r\n\t\t<h3 class=\"caption3 blue\">Lighting<\/h3>\r\n\t\t<h3 class=\"caption4 gray\">For your Furniture<\/h3>\r\n\t\t<h3 class=\"caption5\"><a href=\"#\" class=\"btn-shop\">Shop Now<\/a><\/h3>\r\n\t<\/div>\r\n<\/div>","disabled":"0","removed":"","video_url":"","video_title":"","video_description":"","video_metadata":"","role":""},"0ab3umtsilr4":{"position":"3","media_type":"image","video_provider":"","file":"\/mobile\/s\/l\/slider3-3mobile.jpg","value_id":"","label":"","link":"http:\/\/alothemes.com\/","caption":"<div class=\"container figcaption\">\r\n\t<div class=\"text-slide text-slide3\">\r\n\t\t<h3 class=\"caption1 gray\">Design<\/h3>\r\n\t\t<h3 class=\"caption2 black\">Home Decor<\/h3>\r\n\t\t<h3 class=\"caption3 gray\">Collection<\/h3>\r\n\t\t<h3 class=\"caption5\"><a href=\"#\" class=\"btn-shop\">Change your look now<\/a><\/h3>\r\n\t<\/div>\r\n<\/div>","disabled":"0","removed":"","video_url":"","video_title":"","video_description":"","video_metadata":"","role":""}}}}]]></config>
      <status><![CDATA[1]]></status>
    </item>
    <item>
      <title><![CDATA[Slider Demo 4]]></title>
      <identifier><![CDATA[slider4]]></identifier>
      <config><![CDATA[{"magicslider_id":"5","title":"Slider Demo 4","status":"1","mobile":"1","portrait":"1","landscape":"1","tablet":"1","notebook":"1","laptop":"1","desktop":"1","widescreen":"1","visible":"1","vertical":"false","infinite":"true","autoplay":"true","arrows":"true","dots":"false","rows":"1","speed":"400","autoplay-Speed":"8000","padding":"0","media_gallery":{"images":{"uq2pv6abh4h":{"position":"1","media_type":"image","video_provider":"","file":"\/s\/l\/slider4-1.jpg","value_id":"","label":"","link":"http:\/\/alothemes.com\/","caption":"<div class=\"container figcaption\">\r\n\t<div class=\"text-slide text-slide1\">\r\n\t\t<h3 class=\"caption1 white\">Profressional quality<\/h3>\r\n\t\t<h3 class=\"caption2 white\">Tools<\/h3>\r\n\t\t<h3 class=\"caption3 white\">for Less<\/h3>\r\n\t\t<h3 class=\"caption4 white\">Used tools for sale - addtional tools <br> Made available for sale Monthly<\/h3>\r\n\t\t<h3 class=\"caption5\"><a href=\"#\" class=\"btn-shop\">Shop Now<\/a><\/h3>\r\n\t<\/div>\r\n<\/div>","disabled":"0","removed":"","video_url":"","video_title":"","video_description":"","video_metadata":"","role":""},"b8qw7le8kca":{"position":"2","media_type":"image","video_provider":"","file":"\/s\/l\/slider4-2.jpg","value_id":"","label":"","link":"http:\/\/alothemes.com\/","caption":"<div class=\"container figcaption\">\r\n\t<div class=\"text-slide text-slide2\">\r\n\t\t<h3 class=\"caption1 black\">Wireless Video<\/h3>\r\n\t\t<h3 class=\"caption2 black\">Analytics EVent<\/h3>\r\n\t\t<h3 class=\"caption3 black\">Wi-fi and 4g<\/h3>\r\n\t\t<h3 class=\"caption4 gray\">Connect your world with iconnex<\/h3>\r\n\t\t<h3 class=\"caption5\"><a href=\"#\" class=\"btn-shop\">Shop Now<\/a><\/h3>\r\n\t<\/div>\r\n<\/div>","disabled":"0","removed":"","video_url":"","video_title":"","video_description":"","video_metadata":"","role":""},"0j6uaivibut":{"position":"3","media_type":"image","video_provider":"","file":"\/s\/l\/slider4-3.jpg","value_id":"","label":"","link":"http:\/\/alothemes.com\/","caption":"<div class=\"container figcaption\">\r\n\t<div class=\"text-slide text-slide3\">\r\n\t\t<h3 class=\"caption1 white\">Wireless Video<\/h3>\r\n\t\t<h3 class=\"caption2 white\">Analytics EVent<\/h3>\r\n\t\t<h3 class=\"caption3 white\">Wi-fi and 4g<\/h3>\r\n\t\t<h3 class=\"caption4 white\">Connect your world with iconnex<\/h3>\r\n\t\t<h3 class=\"caption5\"><a href=\"#\" class=\"btn-shop\">Change your look now<\/a><\/h3>\r\n\t<\/div>\r\n<\/div>","disabled":"0","removed":"","video_url":"","video_title":"","video_description":"","video_metadata":"","role":""}}},"media_gallery_mobile":{"images":{"69liebir4ca":{"position":"1","media_type":"image","video_provider":"","file":"\/mobile\/s\/l\/slider4-1mobile.jpg","value_id":"","label":"","link":"http:\/\/alothemes.com\/","caption":"<div class=\"container figcaption\">\r\n\t<div class=\"text-slide text-slide1\">\r\n\t\t<h3 class=\"caption1 white\">Profressional quality<\/h3>\r\n\t\t<h3 class=\"caption2 white\">Tools<\/h3>\r\n\t\t<h3 class=\"caption3 white\">for Less<\/h3>\r\n\t\t<h3 class=\"caption4 white\">Used tools for sale - addtional tools <br> Made available for sale Monthly<\/h3>\r\n\t\t<h3 class=\"caption5\"><a href=\"#\" class=\"btn-shop\">Shop Now<\/a><\/h3>\r\n\t<\/div>\r\n<\/div>","disabled":"0","removed":"","video_url":"","video_title":"","video_description":"","video_metadata":"","role":""},"7ukmq0wnqlm":{"position":"2","media_type":"image","video_provider":"","file":"\/mobile\/s\/l\/slider4-2mobile.jpg","value_id":"","label":"","link":"http:\/\/alothemes.com\/","caption":"<div class=\"container figcaption\">\r\n\t<div class=\"text-slide text-slide2\">\r\n\t\t<h3 class=\"caption1 black\">Wireless Video<\/h3>\r\n\t\t<h3 class=\"caption2 black\">Analytics EVent<\/h3>\r\n\t\t<h3 class=\"caption3 black\">Wi-fi and 4g<\/h3>\r\n\t\t<h3 class=\"caption4 gray\">Connect your world with iconnex<\/h3>\r\n\t\t<h3 class=\"caption5\"><a href=\"#\" class=\"btn-shop\">Shop Now<\/a><\/h3>\r\n\t<\/div>\r\n<\/div>","disabled":"0","removed":"","video_url":"","video_title":"","video_description":"","video_metadata":"","role":""},"u6ih4fsqbsm":{"position":"3","media_type":"image","video_provider":"","file":"\/mobile\/s\/l\/slider4-3mobile.jpg","value_id":"","label":"","link":"http:\/\/alothemes.com\/","caption":"<div class=\"container figcaption\">\r\n\t<div class=\"text-slide text-slide3\">\r\n\t\t<h3 class=\"caption1 white\">Wireless Video<\/h3>\r\n\t\t<h3 class=\"caption2 white\">Analytics EVent<\/h3>\r\n\t\t<h3 class=\"caption3 white\">Wi-fi and 4g<\/h3>\r\n\t\t<h3 class=\"caption4 white\">Connect your world with iconnex<\/h3>\r\n\t\t<h3 class=\"caption5\"><a href=\"#\" class=\"btn-shop\">Change your look now<\/a><\/h3>\r\n\t<\/div>\r\n<\/div>","disabled":"0","removed":"","video_url":"","video_title":"","video_description":"","video_metadata":"","role":""}}}}]]></config>
      <status><![CDATA[1]]></status>
    </item>
    <item>
      <title><![CDATA[Slider Demo 5]]></title>
      <identifier><![CDATA[slider5]]></identifier>
      <config><![CDATA[{"magicslider_id":"6","title":"Slider Demo 5","status":"1","mobile":"1","portrait":"1","landscape":"1","tablet":"1","notebook":"1","laptop":"1","desktop":"1","widescreen":"1","visible":"1","vertical":"false","infinite":"true","autoplay":"true","arrows":"true","dots":"false","rows":"1","speed":"400","autoplay-Speed":"6000","padding":"0","media_gallery":{"images":{"e2qoh93hmg":{"position":"4","media_type":"image","video_provider":"","file":"\/s\/l\/sldier5-1.jpg","value_id":"","label":"","link":"http:\/\/alothemes.com","caption":"<div class=\"container figcaption\">\r\n\t<div class=\"text-slide text-slide1\">\r\n\t\t<h3 class=\"caption1 gray\">Luxury Vinyl<\/h3>\r\n\t\t<h3 class=\"caption2 black\">Tile Floring<\/h3>\r\n\t\t<h3 class=\"caption3 gray\">Choose from a range of stunning styles. <br> Perfect for the bathroom!<\/h3>\r\n\t\t<h3 class=\"caption5\"><a href=\"#\" class=\"btn-shop\">Shop Now<\/a><\/h3>\r\n\t<\/div>\r\n<\/div>","disabled":"0","removed":"","video_url":"","video_title":"","video_description":"","video_metadata":"","role":""},"qnso4c83o8":{"position":"5","media_type":"image","video_provider":"","file":"\/s\/l\/sldier5-2.jpg","value_id":"","label":"","link":"http:\/\/alothemes.com","caption":"<div class=\"container figcaption\">\r\n\t<div class=\"text-slide text-slide2\">\r\n\t\t<h3 class=\"caption1 black\">Decorative<\/h3>\r\n\t\t<h3 class=\"caption2 black\"><span>Cork<\/span> Wall Panels<\/h3>\r\n\t\t<h3 class=\"caption3 gray\">Put an unusual twist on your next <br> interior design project!<\/h3>\r\n\t\t<h3 class=\"caption5\"><a href=\"#\" class=\"btn-shop\">Shop Now<\/a><\/h3>\r\n\t<\/div>\r\n<\/div>","disabled":"0","removed":"","video_url":"","video_title":"","video_description":"","video_metadata":"","role":""},"g45la4aw0t7":{"position":"6","media_type":"image","video_provider":"","file":"\/s\/l\/sldier5-3.jpg","value_id":"","label":"","link":"http:\/\/alothemes.com","caption":"<div class=\"container figcaption\">\r\n\t<div class=\"text-slide text-slide3\">\r\n\t\t<h3 class=\"caption1 black\">Solid wood<\/h3>\r\n\t\t<h3 class=\"caption2 black\">Floring<\/h3>\r\n\t\t<h3 class=\"caption3 gray\">Breathtaking hardwood floors <br> a truly authentic choice for your home<\/h3>\r\n\t\t<h3 class=\"caption5\"><a href=\"#\" class=\"btn-shop\">Shop now<\/a><\/h3>\r\n\t<\/div>\r\n<\/div>","disabled":"0","removed":"","video_url":"","video_title":"","video_description":"","video_metadata":"","role":""}}},"media_gallery_mobile":{"images":{"v0h5mism3p":{"position":"1","media_type":"image","video_provider":"","file":"\/mobile\/s\/l\/sldier5-1mobile.jpg","value_id":"","label":"","link":"http:\/\/alothemes.com","caption":"<div class=\"container figcaption\">\r\n\t<div class=\"text-slide text-slide1\">\r\n\t\t<h3 class=\"caption1 gray\">Luxury Vinyl<\/h3>\r\n\t\t<h3 class=\"caption2 black\">Tile Floring<\/h3>\r\n\t\t<h3 class=\"caption3 gray\">Choose from a range of stunning styles. <br> Perfect for the bathroom!<\/h3>\r\n\t\t<h3 class=\"caption5\"><a href=\"#\" class=\"btn-shop\">Shop Now<\/a><\/h3>\r\n\t<\/div>\r\n<\/div>","disabled":"0","removed":"","video_url":"","video_title":"","video_description":"","video_metadata":"","role":""},"uppv6vgq2w":{"position":"2","media_type":"image","video_provider":"","file":"\/mobile\/s\/l\/sldier5-2mobile.jpg","value_id":"","label":"","link":"http:\/\/alothemes.com","caption":"<div class=\"container figcaption\">\r\n\t<div class=\"text-slide text-slide2\">\r\n\t\t<h3 class=\"caption1 black\">Decorative<\/h3>\r\n\t\t<h3 class=\"caption2 black\"><span>Cork<\/span> Wall Panels<\/h3>\r\n\t\t<h3 class=\"caption3 gray\">Put an unusual twist on your next <br> interior design project!<\/h3>\r\n\t\t<h3 class=\"caption5\"><a href=\"#\" class=\"btn-shop\">Shop Now<\/a><\/h3>\r\n\t<\/div>\r\n<\/div>","disabled":"0","removed":"","video_url":"","video_title":"","video_description":"","video_metadata":"","role":""},"tr3quan5944":{"position":"3","media_type":"image","video_provider":"","file":"\/mobile\/s\/l\/sldier5-3mobile.jpg","value_id":"","label":"","link":"http:\/\/alothemes.com","caption":"<div class=\"container figcaption\">\r\n\t<div class=\"text-slide text-slide3\">\r\n\t\t<h3 class=\"caption1 black\">Solid wood<\/h3>\r\n\t\t<h3 class=\"caption2 black\">Floring<\/h3>\r\n\t\t<h3 class=\"caption3 gray\">Breathtaking hardwood floors <br> a truly authentic choice for your home<\/h3>\r\n\t\t<h3 class=\"caption5\"><a href=\"#\" class=\"btn-shop\">Shop now<\/a><\/h3>\r\n\t<\/div>\r\n<\/div>","disabled":"0","removed":"","video_url":"","video_title":"","video_description":"","video_metadata":"","role":""}}}}]]></config>
      <status><![CDATA[1]]></status>
    </item>
    <item>
      <title><![CDATA[Slider Demo 6]]></title>
      <identifier><![CDATA[slider6]]></identifier>
      <config><![CDATA[{"magicslider_id":"7","title":"Slider Demo 6","status":"1","mobile":"1","portrait":"1","landscape":"1","tablet":"1","notebook":"1","laptop":"1","desktop":"1","widescreen":"1","visible":"1","vertical":"false","infinite":"true","autoplay":"true","arrows":"true","dots":"false","rows":"1","speed":"400","autoplay-Speed":"6000","padding":"0","media_gallery":{"images":{"o68fq620t1":{"position":"4","media_type":"image","video_provider":"","file":"\/s\/l\/slider6-1.jpg","value_id":"","label":"","link":"http:\/\/alothemes.com\/","caption":"<div class=\"container figcaption\">\r\n\t<div class=\"text-slide text-slide1\">\r\n\t\t<h3 class=\"caption1 white\">Sport 2017<\/h3>\r\n\t\t<h3 class=\"caption2 white\">Collections<\/h3>\r\n\t\t<h3 class=\"caption3 white\">Lorem Ipsum is simply dummy text of the <br> printing and typesetting industry.<\/h3>\r\n\t\t<h3 class=\"caption5\"><a href=\"#\" class=\"btn-shop\">Shop Now<\/a><\/h3>\r\n\t<\/div>\r\n<\/div>","disabled":"0","removed":"","video_url":"","video_title":"","video_description":"","video_metadata":"","role":""},"mga06bt1jen":{"position":"5","media_type":"image","video_provider":"","file":"\/s\/l\/slider6-2.jpg","value_id":"","label":"","link":"http:\/\/alothemes.com\/","caption":"<div class=\"container figcaption\">\r\n\t<div class=\"text-slide text-slide2\">\r\n\t\t<h3 class=\"caption1 black\">Super Sale<\/h3>\r\n\t\t<h3 class=\"caption2 red\"><span>Up to<\/span>25% Off<\/h3>\r\n\t\t<h3 class=\"caption3 white\">On selected items<\/h3>\r\n\t\t<h3 class=\"caption5\"><a href=\"#\" class=\"btn-shop\">Shop Now<\/a><\/h3>\r\n\t<\/div>\r\n<\/div>","disabled":"0","removed":"","video_url":"","video_title":"","video_description":"","video_metadata":"","role":""},"23ig7duhrta":{"position":"6","media_type":"image","video_provider":"","file":"\/s\/l\/slider6-3.jpg","value_id":"","label":"","link":"http:\/\/alothemes.com\/","caption":"<div class=\"container figcaption\">\r\n\t<div class=\"text-slide text-slide3\">\r\n\t\t<h3 class=\"caption1 white\">Trendy Style &<\/h3>\r\n\t\t<h3 class=\"caption2 white\">Ultimate Premium<\/h3>\r\n\t\t<h3 class=\"caption3 white\">Electric Bikese<\/h3>\r\n\t\t<h3 class=\"caption4 white\">Power assisted performance<\/h3>\r\n\t\t<h3 class=\"caption5\"><a href=\"#\" class=\"btn-shop\">Shop now<\/a><\/h3>\r\n\t<\/div>\r\n<\/div>","disabled":"0","removed":"","video_url":"","video_title":"","video_description":"","video_metadata":"","role":""}}},"media_gallery_mobile":{"images":{"0nr3faf5163c":{"position":"1","media_type":"image","video_provider":"","file":"\/mobile\/s\/l\/slider6-1mobile.jpg","value_id":"","label":"","link":"http:\/\/alothemes.com\/","caption":"<div class=\"container figcaption\">\r\n\t<div class=\"text-slide text-slide1\">\r\n\t\t<h3 class=\"caption1 white\">Sport 2017<\/h3>\r\n\t\t<h3 class=\"caption2 white\">Collections<\/h3>\r\n\t\t<h3 class=\"caption3 white\">Lorem Ipsum is simply dummy text of the <br> printing and typesetting industry.<\/h3>\r\n\t\t<h3 class=\"caption5\"><a href=\"#\" class=\"btn-shop\">Shop Now<\/a><\/h3>\r\n\t<\/div>\r\n<\/div>","disabled":"0","removed":"","video_url":"","video_title":"","video_description":"","video_metadata":"","role":""},"c1lovfpic9":{"position":"2","media_type":"image","video_provider":"","file":"\/mobile\/s\/l\/slider6-2mobile.jpg","value_id":"","label":"","link":"http:\/\/alothemes.com\/","caption":"<div class=\"container figcaption\">\r\n\t<div class=\"text-slide text-slide2\">\r\n\t\t<h3 class=\"caption1 black\">Super Sale<\/h3>\r\n\t\t<h3 class=\"caption2 red\"><span>Up to<\/span>25% Off<\/h3>\r\n\t\t<h3 class=\"caption3 white\">On selected items<\/h3>\r\n\t\t<h3 class=\"caption5\"><a href=\"#\" class=\"btn-shop\">Shop Now<\/a><\/h3>\r\n\t<\/div>\r\n<\/div>","disabled":"0","removed":"","video_url":"","video_title":"","video_description":"","video_metadata":"","role":""},"qs9eo2j6mjd":{"position":"3","media_type":"image","video_provider":"","file":"\/mobile\/s\/l\/slider6-3mobile.jpg","value_id":"","label":"","link":"http:\/\/alothemes.com\/","caption":"<div class=\"container figcaption\">\r\n\t<div class=\"text-slide text-slide3\">\r\n\t\t<h3 class=\"caption1 white\">Trendy Style &<\/h3>\r\n\t\t<h3 class=\"caption2 white\">Ultimate Premium<\/h3>\r\n\t\t<h3 class=\"caption3 white\">Electric Bikese<\/h3>\r\n\t\t<h3 class=\"caption4 white\">Power assisted performance<\/h3>\r\n\t\t<h3 class=\"caption5\"><a href=\"#\" class=\"btn-shop\">Shop now<\/a><\/h3>\r\n\t<\/div>\r\n<\/div>","disabled":"0","removed":"","video_url":"","video_title":"","video_description":"","video_metadata":"","role":""}}}}]]></config>
      <status><![CDATA[1]]></status>
    </item>
    <item>
      <title><![CDATA[Slider Demo 7]]></title>
      <identifier><![CDATA[slider7]]></identifier>
      <config><![CDATA[{"magicslider_id":"8","title":"Slider Demo 7","status":"1","mobile":"1","portrait":"1","landscape":"1","tablet":"1","notebook":"1","laptop":"1","desktop":"1","widescreen":"1","visible":"1","vertical":"false","infinite":"true","autoplay":"true","arrows":"true","dots":"false","rows":"1","speed":"300","autoplay-Speed":"3000","padding":"0","media_gallery":{"images":{"tfu6b1eu2g":{"position":"1","media_type":"image","video_provider":"","file":"\/s\/l\/slider7-1.jpg","value_id":"","label":"","link":"http:\/\/alothemes.com","caption":"<div class=\"container figcaption\">\r\n\t<div class=\"text-slide text-slide1\">\r\n\t\t<h3 class=\"caption1 black\">Your<\/h3>\r\n\t\t<h3 class=\"caption2 black\">Favorite <br> Brands<\/h3>\r\n\t\t<h3 class=\"caption3 black\">Discount?<\/h3>\r\n\t\t<h3 class=\"caption4 black\">On Selected <br> Electronics<\/h3>\r\n\t\t<h3 class=\"caption5\"><a href=\"#\" class=\"btn-shop\">Shop Now<\/a><\/h3>\r\n\t<\/div>\r\n<\/div>","disabled":"0","removed":"","video_url":"","video_title":"","video_description":"","video_metadata":"","role":""},"3qs7437gsg2":{"position":"2","media_type":"image","video_provider":"","file":"\/s\/l\/slider7-2.jpg","value_id":"","label":"","link":"http:\/\/alothemes.com","caption":"<div class=\"container figcaption\">\r\n\t<div class=\"text-slide text-slide2\">\r\n\t\t<h3 class=\"caption1 black\">Ultimate<\/h3>\r\n\t\t<h3 class=\"caption2 black\">Collection Of<\/h3>\r\n\t\t<h3 class=\"caption3 black\">Home Appliances<\/h3>\r\n\t\t<h3 class=\"caption4 gray\">By reputed brands<\/h3>\r\n\t\t<h3 class=\"caption5\"><a href=\"#\" class=\"btn-shop\">Shop Now<\/a><\/h3>\r\n\t<\/div>\r\n<\/div>","disabled":"0","removed":"","video_url":"","video_title":"","video_description":"","video_metadata":"","role":""},"795hk8kweku":{"position":"3","media_type":"image","video_provider":"","file":"\/s\/l\/slider7-3.jpg","value_id":"","label":"","link":"http:\/\/alothemes.com","caption":"<div class=\"container figcaption\">\r\n\t<div class=\"text-slide text-slide3\">\r\n\t\t<h3 class=\"caption1 black\">Social Media<\/h3>\r\n\t\t<h3 class=\"caption2 black\">Habits of<\/h3>\r\n\t\t<h3 class=\"caption3 black\">Home Appliance<\/h3>\r\n\t\t<h3 class=\"caption4 black\">Brands<\/h3>\r\n\t\t<h3 class=\"caption5\"><a href=\"#\" class=\"btn-shop\">Shop now<\/a><\/h3>\r\n\t<\/div>\r\n<\/div>","disabled":"0","removed":"","video_url":"","video_title":"","video_description":"","video_metadata":"","role":""}}},"media_gallery_mobile":{"images":{"s0vfi7sgsha":{"position":"1","media_type":"image","video_provider":"","file":"\/mobile\/s\/l\/slider7-1mobile.jpg","value_id":"","label":"","link":"http:\/\/alothemes.com","caption":"<div class=\"container figcaption\">\r\n\t<div class=\"text-slide text-slide1\">\r\n\t\t<h3 class=\"caption1 black\">Your<\/h3>\r\n\t\t<h3 class=\"caption2 black\">Favorite <br> Brands<\/h3>\r\n\t\t<h3 class=\"caption3 black\">Discount?<\/h3>\r\n\t\t<h3 class=\"caption4 black\">On Selected <br> Electronics<\/h3>\r\n\t\t<h3 class=\"caption5\"><a href=\"#\" class=\"btn-shop\">Shop Now<\/a><\/h3>\r\n\t<\/div>\r\n<\/div>","disabled":"0","removed":"","video_url":"","video_title":"","video_description":"","video_metadata":"","role":""},"dk1398acfwl":{"position":"2","media_type":"image","video_provider":"","file":"\/mobile\/s\/l\/slider7-2mobile.jpg","value_id":"","label":"","link":"http:\/\/alothemes.com","caption":"<div class=\"container figcaption\">\r\n\t<div class=\"text-slide text-slide2\">\r\n\t\t<h3 class=\"caption1 black\">Ultimate<\/h3>\r\n\t\t<h3 class=\"caption2 black\">Collection Of<\/h3>\r\n\t\t<h3 class=\"caption3 black\">Home Appliances<\/h3>\r\n\t\t<h3 class=\"caption4 gray\">By reputed brands<\/h3>\r\n\t\t<h3 class=\"caption5\"><a href=\"#\" class=\"btn-shop\">Shop Now<\/a><\/h3>\r\n\t<\/div>\r\n<\/div>","disabled":"0","removed":"","video_url":"","video_title":"","video_description":"","video_metadata":"","role":""},"2afmcugkam5k":{"position":"3","media_type":"image","video_provider":"","file":"\/mobile\/s\/l\/slider7-3mobile.jpg","value_id":"","label":"","link":"http:\/\/alothemes.com","caption":"<div class=\"container figcaption\">\r\n\t<div class=\"text-slide text-slide3\">\r\n\t\t<h3 class=\"caption1 black\">Social Media<\/h3>\r\n\t\t<h3 class=\"caption2 black\">Habits of<\/h3>\r\n\t\t<h3 class=\"caption3 black\">Home Appliance<\/h3>\r\n\t\t<h3 class=\"caption4 black\">Brands<\/h3>\r\n\t\t<h3 class=\"caption5\"><a href=\"#\" class=\"btn-shop\">Shop now<\/a><\/h3>\r\n\t<\/div>\r\n<\/div>","disabled":"0","removed":"","video_url":"","video_title":"","video_description":"","video_metadata":"","role":""}}}}]]></config>
      <status><![CDATA[1]]></status>
    </item>
    <item>
      <title><![CDATA[Slider Demo 8]]></title>
      <identifier><![CDATA[slider8]]></identifier>
      <config><![CDATA[{"magicslider_id":"9","title":"Slider Demo 8","status":"1","mobile":"1","portrait":"1","landscape":"1","tablet":"1","notebook":"1","laptop":"1","desktop":"1","widescreen":"1","visible":"1","vertical":"false","infinite":"true","autoplay":"true","arrows":"true","dots":"false","rows":"1","speed":"400","autoplay-Speed":"6000","padding":"0","media_gallery":{"images":{"tt4h496ko3p":{"position":"4","media_type":"image","video_provider":"","file":"\/s\/l\/slider8-1.jpg","value_id":"","label":"","link":"http:\/\/alothemes.com\/","caption":"<div class=\"container figcaption\">\r\n\t<div class=\"text-slide text-slide1\">\r\n\t\t<h3 class=\"caption1 black\">Certified<\/h3>\r\n\t\t<h3 class=\"caption2 black\">Ultra HD<\/h3>\r\n\t\t<h3 class=\"caption3 black\">Premium<\/h3>\r\n\t\t<h3 class=\"caption4 gray\">With unbeatable color<\/h3>\r\n\t\t<h3 class=\"caption5\"><a href=\"#\" class=\"btn-shop\">Shop Now<\/a><\/h3>\r\n\t<\/div>\r\n<\/div>","disabled":"0","removed":"","video_url":"","video_title":"","video_description":"","video_metadata":"","role":""},"g7tp9ajkfnc":{"position":"5","media_type":"image","video_provider":"","file":"\/s\/l\/slider8-2.jpg","value_id":"","label":"","link":"http:\/\/alothemes.com\/","caption":"<div class=\"container figcaption\">\r\n\t<div class=\"text-slide text-slide2\">\r\n\t\t<h3 class=\"caption1 black\">VR Box<\/h3>\r\n\t\t<h3 class=\"caption2 gray\">Enjoy amazing 3D experiences with <br> VR Glasses for yout smart mobile phone<\/h3>\r\n\t\t<h3 class=\"caption3 red\"><sup>$<\/sup>26.<sup>99<\/sup><\/h3>\r\n\t\t<h3 class=\"caption4 gray\"><span>Free shipping<\/span> on all orders<\/h3>\r\n\t\t<h3 class=\"caption5\"><a href=\"#\" class=\"btn-shop\">Shop Now<\/a><\/h3>\r\n\t<\/div>\r\n<\/div>","disabled":"0","removed":"","video_url":"","video_title":"","video_description":"","video_metadata":"","role":""},"auba3u6igr":{"position":"6","media_type":"image","video_provider":"","file":"\/s\/l\/slider8-3.jpg","value_id":"","label":"","link":"http:\/\/alothemes.com\/","caption":"<div class=\"container figcaption\">\r\n\t<div class=\"text-slide text-slide3\">\r\n\t\t<h3 class=\"caption1 black\">Seaway Patroller<\/h3>\r\n\t\t<h3 class=\"caption2 black\">Designed for smarter<\/h3>\r\n\t\t<h3 class=\"caption3 black\">patrols<\/h3>\r\n\t\t<h3 class=\"caption4 gray\">Looking forward to each new <br> exciting riding experrience.<\/h3>\r\n\t\t<h3 class=\"caption5\"><a href=\"#\" class=\"btn-shop\">Shop now<\/a><\/h3>\r\n\t<\/div>\r\n<\/div>","disabled":"0","removed":"","video_url":"","video_title":"","video_description":"","video_metadata":"","role":""}}},"media_gallery_mobile":{"images":{"f62j06jw9ud":{"position":"1","media_type":"image","video_provider":"","file":"\/mobile\/s\/l\/slider8-1mobile.jpg","value_id":"","label":"","link":"http:\/\/alothemes.com\/","caption":"<div class=\"container figcaption\">\r\n\t<div class=\"text-slide text-slide1\">\r\n\t\t<h3 class=\"caption1 black\">Certified<\/h3>\r\n\t\t<h3 class=\"caption2 black\">Ultra HD<\/h3>\r\n\t\t<h3 class=\"caption3 black\">Premium<\/h3>\r\n\t\t<h3 class=\"caption4 gray\">With unbeatable color<\/h3>\r\n\t\t<h3 class=\"caption5\"><a href=\"#\" class=\"btn-shop\">Shop Now<\/a><\/h3>\r\n\t<\/div>\r\n<\/div>","disabled":"0","removed":"","video_url":"","video_title":"","video_description":"","video_metadata":"","role":""},"bmm7lor67uk":{"position":"2","media_type":"image","video_provider":"","file":"\/mobile\/s\/l\/slider8-2mobile.jpg","value_id":"","label":"","link":"http:\/\/alothemes.com\/","caption":"<div class=\"container figcaption\">\r\n\t<div class=\"text-slide text-slide2\">\r\n\t\t<h3 class=\"caption1 black\">VR Box<\/h3>\r\n\t\t<h3 class=\"caption2 gray\">Enjoy amazing 3D experiences with <br> VR Glasses for yout smart mobile phone<\/h3>\r\n\t\t<h3 class=\"caption3 red\"><sup>$<\/sup>26.<sup>99<\/sup><\/h3>\r\n\t\t<h3 class=\"caption4 gray\"><span>Free shipping<\/span> on all orders<\/h3>\r\n\t\t<h3 class=\"caption5\"><a href=\"#\" class=\"btn-shop\">Shop Now<\/a><\/h3>\r\n\t<\/div>\r\n<\/div>","disabled":"0","removed":"","video_url":"","video_title":"","video_description":"","video_metadata":"","role":""},"1dq6gjis8gvr":{"position":"3","media_type":"image","video_provider":"","file":"\/mobile\/s\/l\/slider8-3mobile.jpg","value_id":"","label":"","link":"http:\/\/alothemes.com\/","caption":"<div class=\"container figcaption\">\r\n\t<div class=\"text-slide text-slide3\">\r\n\t\t<h3 class=\"caption1 black\">Seaway Patroller<\/h3>\r\n\t\t<h3 class=\"caption2 black\">Designed for smarter<\/h3>\r\n\t\t<h3 class=\"caption3 black\">patrols<\/h3>\r\n\t\t<h3 class=\"caption4 gray\">Looking forward to each new <br> exciting riding experrience.<\/h3>\r\n\t\t<h3 class=\"caption5\"><a href=\"#\" class=\"btn-shop\">Shop now<\/a><\/h3>\r\n\t<\/div>\r\n<\/div>","disabled":"0","removed":"","video_url":"","video_title":"","video_description":"","video_metadata":"","role":""}}}}]]></config>
      <status><![CDATA[1]]></status>
    </item>
    <item>
      <title><![CDATA[Slider 11]]></title>
      <identifier><![CDATA[slider11]]></identifier>
      <config><![CDATA[{"magicslider_id":"10","title":"Slider 11","status":"1","mobile":"1","portrait":"1","landscape":"1","tablet":"1","notebook":"1","laptop":"1","desktop":"1","widescreen":"1","visible":"1","vertical":"false","infinite":"true","autoplay":"true","arrows":"true","dots":"true","rows":"1","speed":"400","autoplay-Speed":"6000","padding":"0","media_gallery":{"images":{"3id03mmpa19":{"position":"4","media_type":"image","video_provider":"","file":"\/s\/l\/slider11-1.jpg","value_id":"","label":"","link":"http:\/\/alothemes.com\/","caption":"<div class=\"container figcaption\">\r\n\t<div class=\"text-slide text-slide1\">\r\n\t\t<h3 class=\"caption1 black\">Galaxy Problems<\/h3>\r\n\t\t<h3 class=\"caption2 black\">Cpu Load, Battrey<\/h3>\r\n\t\t<h3 class=\"caption3 black\">Android Lollipo<\/h3>\r\n\t\t<h3 class=\"caption4 gray\">Big screen in incredibly slim design thpat<br> in your hand.<\/h3>\r\n\t\t<h3 class=\"caption5\"><a href=\"#\" class=\"btn-shop\">Shop Now<\/a><\/h3>\r\n\t<\/div>\r\n<\/div>","disabled":"0","removed":"","video_url":"","video_title":"","video_description":"","video_metadata":"","role":""},"tq8qovvd0o":{"position":"5","media_type":"image","video_provider":"","file":"\/s\/l\/slider11-2.jpg","value_id":"","label":"","link":"http:\/\/alothemes.com\/","caption":"<div class=\"container figcaption\">\r\n\t<div class=\"text-slide text-slide2\">\r\n\t\t<h3 class=\"caption1 gray\">Super Slim Curved TVs<\/h3>\r\n\t\t<h3 class=\"caption2 black\">Curved display has<\/h3>\r\n\t\t<h3 class=\"caption3 black\">a curvature level<\/h3>\r\n\t\t<h3 class=\"caption4 black\">equivalent to that<br> of a circle.<\/h3>\r\n\t\t<h3 class=\"caption5\"><a href=\"#\" class=\"btn-shop\">Shop Now<\/a><\/h3>\r\n\t<\/div>\r\n<\/div>","disabled":"0","removed":"","video_url":"","video_title":"","video_description":"","video_metadata":"","role":""},"et6g4m2i0er":{"position":"6","media_type":"image","video_provider":"","file":"\/s\/l\/slider11-3.jpg","value_id":"","label":"","link":"http:\/\/alothemes.com\/","caption":"<div class=\"container figcaption\">\r\n\t<div class=\"text-slide text-slide3\">\r\n\t\t<h3 class=\"caption1 gray\">Connect the World Wide with Phone +<\/h3>\r\n\t\t<h3 class=\"caption2 black\">Save <span class=\"sale-off\">$120<\/span> When you Purchase<\/h3>\r\n\t\t<h3 class=\"caption3 black\">a Camera Controller<br> and Vr reality 360<\/h3>\r\n\t\t<h3 class=\"caption4 black\"><span class=\"only\">Only:<\/span> $159.00<\/h3>\r\n\t\t<h3 class=\"caption5\"><a href=\"#\" class=\"btn-shop\">Shop Now<\/a><\/h3>\r\n\t<\/div>\r\n<\/div>","disabled":"0","removed":"","video_url":"","video_title":"","video_description":"","video_metadata":"","role":""}}},"media_gallery_mobile":{"images":{"tj9ib3ceigr":{"position":"1","media_type":"image","video_provider":"","file":"\/mobile\/s\/l\/slider11-1mobile.jpg","value_id":"","label":"","link":"http:\/\/alothemes.com\/","caption":"<div class=\"container figcaption\">\r\n\t<div class=\"text-slide text-slide1\">\r\n\t\t<h3 class=\"caption1 black\">Galaxy Problems<\/h3>\r\n\t\t<h3 class=\"caption2 black\">Cpu Load, Battrey<\/h3>\r\n\t\t<h3 class=\"caption3 black\">Android Lollipo<\/h3>\r\n\t\t<h3 class=\"caption4 gray\">Big screen in incredibly slim design thpat<br> in your hand.<\/h3>\r\n\t\t<h3 class=\"caption5\"><a href=\"#\" class=\"btn-shop\">Shop Now<\/a><\/h3>\r\n\t<\/div>\r\n<\/div>","disabled":"0","removed":"","video_url":"","video_title":"","video_description":"","video_metadata":"","role":""},"50twj1tpioj":{"position":"2","media_type":"image","video_provider":"","file":"\/mobile\/s\/l\/slider11-2mobile.jpg","value_id":"","label":"","link":"http:\/\/alothemes.com\/","caption":"<div class=\"container figcaption\">\r\n\t<div class=\"text-slide text-slide2\">\r\n\t\t<h3 class=\"caption1 gray\">Super Slim Curved TVs<\/h3>\r\n\t\t<h3 class=\"caption2 black\">Curved display has<\/h3>\r\n\t\t<h3 class=\"caption3 black\">a curvature level<\/h3>\r\n\t\t<h3 class=\"caption4 black\">equivalent to that<br> of a circle.<\/h3>\r\n\t\t<h3 class=\"caption5\"><a href=\"#\" class=\"btn-shop\">Shop Now<\/a><\/h3>\r\n\t<\/div>\r\n<\/div>","disabled":"0","removed":"","video_url":"","video_title":"","video_description":"","video_metadata":"","role":""},"t78dg5n3i":{"position":"3","media_type":"image","video_provider":"","file":"\/mobile\/s\/l\/slider11-3mobile.jpg","value_id":"","label":"","link":"http:\/\/alothemes.com\/","caption":"<div class=\"container figcaption\">\r\n\t<div class=\"text-slide text-slide3\">\r\n\t\t<h3 class=\"caption1 gray\">Connect the World Wide with Phone +<\/h3>\r\n\t\t<h3 class=\"caption2 black\">Save <span class=\"sale-off\">$120<\/span> When you Purchase<\/h3>\r\n\t\t<h3 class=\"caption3 black\">a Camera Controller<br> and Vr reality 360<\/h3>\r\n\t\t<h3 class=\"caption4 black\"><span class=\"only\">Only:<\/span> $159.00<\/h3>\r\n\t\t<h3 class=\"caption5\"><a href=\"#\" class=\"btn-shop\">Shop Now<\/a><\/h3>\r\n\t<\/div>\r\n<\/div>","disabled":"0","removed":"","video_url":"","video_title":"","video_description":"","video_metadata":"","role":""}}}}]]></config>
      <status><![CDATA[1]]></status>
    </item>
    <item>
      <title><![CDATA[Slider Demo 9]]></title>
      <identifier><![CDATA[slider9]]></identifier>
      <config><![CDATA[{"magicslider_id":"11","title":"Slider Demo 9","status":"1","mobile":"1","portrait":"1","landscape":"1","tablet":"1","notebook":"1","laptop":"1","desktop":"1","widescreen":"1","visible":"1","vertical":"false","infinite":"true","autoplay":"true","arrows":"true","dots":"false","rows":"1","speed":"400","autoplay-Speed":"6000","padding":"0","media_gallery":{"images":{"jtum36hvuti":{"position":"3","media_type":"image","video_provider":"","file":"\/s\/l\/slider9-1.jpg","value_id":"","label":"","link":"https:\/\/alothemes.com\/","caption":"<div class=\"container figcaption\">\r\n\t<div class=\"text-slide text-slide1\">\r\n\t\t<h3 class=\"caption1 black\">Galaxy Problems <br> Cpu Load, Battrey <br> Android Lollipo<\/h3>\r\n\t\t<h3 class=\"caption2 white-gray\">Big screen in incredibly slim design thpat <br> in your hand.<\/h3>\r\n\t\t<h3 class=\"caption5\"><a href=\"#\" class=\"btn-shop\">View more<\/a><\/h3>\r\n\t<\/div>\r\n<\/div>","disabled":"0","removed":"","video_url":"","video_title":"","video_description":"","video_metadata":"","role":""},"mtao2bmmd7s":{"position":"4","media_type":"image","video_provider":"","file":"\/s\/l\/slider9-2.jpg","value_id":"","label":"","link":"https:\/\/alothemes.com\/","caption":"<div class=\"container figcaption\">\r\n\t<div class=\"text-slide text-slide2\">\r\n\t\t<h3 class=\"caption1 black\">Galaxy Problems Cpu Load <br> Battrey Android Lollipo<\/h3>\r\n\t\t<h3 class=\"caption2 white-gray\">Big screen in incredibly slim design thpat in your hand.<\/h3>\r\n\t\t<h3 class=\"caption5\"><a href=\"#\" class=\"btn-shop\">View more<\/a><\/h3>\r\n\t<\/div>\r\n<\/div>","disabled":"0","removed":"","video_url":"","video_title":"","video_description":"","video_metadata":"","role":""}}},"media_gallery_mobile":{"images":{"5p9wwvjer1j":{"position":"1","media_type":"image","video_provider":"","file":"\/mobile\/s\/l\/slider9-1mobile.jpg","value_id":"","label":"","link":"https:\/\/alothemes.com\/","caption":"<div class=\"container figcaption\">\r\n\t<div class=\"text-slide text-slide1\">\r\n\t\t<h3 class=\"caption1 black\">Galaxy Problems <br> Cpu Load, Battrey <br> Android Lollipo<\/h3>\r\n\t\t<h3 class=\"caption2 white-gray\">Big screen in incredibly slim design thpat <br> in your hand.<\/h3>\r\n\t\t<h3 class=\"caption5\"><a href=\"#\" class=\"btn-shop\">View more<\/a><\/h3>\r\n\t<\/div>\r\n<\/div>","disabled":"0","removed":"","video_url":"","video_title":"","video_description":"","video_metadata":"","role":""},"9a9fqn63ch3":{"position":"2","media_type":"image","video_provider":"","file":"\/mobile\/s\/l\/slider9-2mobile.jpg","value_id":"","label":"","link":"https:\/\/alothemes.com\/","caption":"<div class=\"container figcaption\">\r\n\t<div class=\"text-slide text-slide2\">\r\n\t\t<h3 class=\"caption1 black\">Galaxy Problems Cpu Load <br> Battrey Android Lollipo<\/h3>\r\n\t\t<h3 class=\"caption2 white-gray\">Big screen in incredibly slim design thpat in your hand.<\/h3>\r\n\t\t<h3 class=\"caption5\"><a href=\"#\" class=\"btn-shop\">View more<\/a><\/h3>\r\n\t<\/div>\r\n<\/div>","disabled":"0","removed":"","video_url":"","video_title":"","video_description":"","video_metadata":"","role":""}}}}]]></config>
      <status><![CDATA[1]]></status>
    </item>
    <item>
      <title><![CDATA[Slider Demo 10]]></title>
      <identifier><![CDATA[slider10]]></identifier>
      <config><![CDATA[{"magicslider_id":"12","title":"Slider Demo 10","status":"1","mobile":"1","portrait":"1","landscape":"1","tablet":"1","notebook":"1","laptop":"1","desktop":"1","widescreen":"1","visible":"1","vertical":"false","infinite":"true","autoplay":"true","arrows":"true","dots":"false","rows":"1","speed":"500","autoplay-Speed":"6000","padding":"0","media_gallery":{"images":{"voabbeugcdh":{"position":"3","media_type":"image","video_provider":"","file":"\/s\/l\/slider10-1_1.jpg","value_id":"","label":"","link":"https:\/\/alothemes.com\/","caption":"<div class=\"container figcaption\">\r\n\t<div class=\"text-slide text-slide1\">\r\n\t\t<h3 class=\"caption1 black\">A Guide to the Classics<\/h3>\r\n\t\t<h3 class=\"caption2 black\">Portable Audios<\/h3>\r\n\t\t<h3 class=\"caption3 black\">Wi-fi and 4g<\/h3>\r\n\t\t<h3 class=\"caption4 black\">Connect your world with iconnex<\/h3>\r\n\t\t<h3 class=\"caption5\"><a href=\"#\" class=\"btn-shop\">View more<\/a><\/h3>\r\n\t<\/div>\r\n<\/div>","disabled":"0","removed":"","video_url":"","video_title":"","video_description":"","video_metadata":"","role":""},"g0231qolu0s":{"position":"4","media_type":"image","video_provider":"","file":"\/s\/l\/slider10-2_1.jpg","value_id":"","label":"","link":"https:\/\/alothemes.com\/","caption":"<div class=\"container figcaption\">\r\n\t<div class=\"text-slide text-slide2\">\r\n\t\t<h3 class=\"caption1 black\">A Guide to the Classics<\/h3>\r\n\t\t<h3 class=\"caption2 black\">Smartphone s10<\/h3>\r\n\t\t<h3 class=\"caption3 black\">Wi-fi and 4g<\/h3>\r\n\t\t<h3 class=\"caption4 black\">Connect your world with iconnex<\/h3>\r\n\t\t<h3 class=\"caption5\"><a href=\"#\" class=\"btn-shop\">View more<\/a><\/h3>\r\n\t<\/div>\r\n<\/div>","disabled":"0","removed":"","video_url":"","video_title":"","video_description":"","video_metadata":"","role":""}}},"media_gallery_mobile":{"images":{"fna9gg5r03t":{"position":"1","media_type":"image","video_provider":"","file":"\/mobile\/s\/l\/slider10-1mobile.jpg","value_id":"","label":"","link":"https:\/\/alothemes.com\/","caption":"<div class=\"container figcaption\">\r\n\t<div class=\"text-slide text-slide1\">\r\n\t\t<h3 class=\"caption1 black\">A Guide to the Classics<\/h3>\r\n\t\t<h3 class=\"caption2 black\">Portable Audios<\/h3>\r\n\t\t<h3 class=\"caption3 black\">Wi-fi and 4g<\/h3>\r\n\t\t<h3 class=\"caption4 black\">Connect your world with iconnex<\/h3>\r\n\t\t<h3 class=\"caption5\"><a href=\"#\" class=\"btn-shop\">View more<\/a><\/h3>\r\n\t<\/div>\r\n<\/div>","disabled":"0","removed":"","video_url":"","video_title":"","video_description":"","video_metadata":"","role":""},"d5o8jroilm2":{"position":"2","media_type":"image","video_provider":"","file":"\/mobile\/s\/l\/slider10-2mobile.jpg","value_id":"","label":"","link":"https:\/\/alothemes.com\/","caption":"<div class=\"container figcaption\">\r\n\t<div class=\"text-slide text-slide2\">\r\n\t\t<h3 class=\"caption1 black\">A Guide to the Classics<\/h3>\r\n\t\t<h3 class=\"caption2 black\">Smartphone s10<\/h3>\r\n\t\t<h3 class=\"caption3 black\">Wi-fi and 4g<\/h3>\r\n\t\t<h3 class=\"caption4 black\">Connect your world with iconnex<\/h3>\r\n\t\t<h3 class=\"caption5\"><a href=\"#\" class=\"btn-shop\">View more<\/a><\/h3>\r\n\t<\/div>\r\n<\/div>","disabled":"0","removed":"","video_url":"","video_title":"","video_description":"","video_metadata":"","role":""}}}}]]></config>
      <status><![CDATA[1]]></status>
    </item>
    <item>
      <title><![CDATA[Slider Demo 12]]></title>
      <identifier><![CDATA[slider12]]></identifier>
      <config><![CDATA[{"magicslider_id":"13","title":"Slider Demo 12","status":"1","mobile":"1","portrait":"1","landscape":"1","tablet":"1","notebook":"1","laptop":"1","desktop":"1","widescreen":"1","visible":"1","vertical":"false","infinite":"true","autoplay":"true","arrows":"true","dots":"false","rows":"1","speed":"400","autoplay-Speed":"6000","padding":"0","media_gallery":{"images":{"b62l9tiatgt":{"position":"3","media_type":"image","video_provider":"","file":"\/s\/l\/sldier12-1.jpg","value_id":"","label":"","link":"https:\/\/alothemes.com\/","caption":"<div class=\"container figcaption\">\r\n\t<div class=\"text-slide text-slide1\">\r\n\t\t<h3 class=\"caption1 black\">Good Design<\/h3>\r\n\t\t<h3 class=\"caption2 black\">Speaks for itself.<\/h3>\r\n\t\t<h3 class=\"caption4 gray\">The is no reason all smartphones need<br> to look alike. so we made the beautiful<br> different GDphone 800 Look like this<\/h3>\r\n\t\t<h3 class=\"caption5\"><a href=\"#\" class=\"btn-shop\">View more<\/a><\/h3>\r\n\t<\/div>\r\n<\/div>","disabled":"0","removed":"","video_url":"","video_title":"","video_description":"","video_metadata":"","role":""},"q3liv24vuwo":{"position":"4","media_type":"image","video_provider":"","file":"\/s\/l\/sldier12-2.jpg","value_id":"","label":"","link":"https:\/\/alothemes.com\/","caption":"<div class=\"container figcaption\">\r\n\t<div class=\"text-slide text-slide2\">\r\n\t\t<h3 class=\"caption1 black\">Galaxy Problems<\/h3>\r\n\t\t<h3 class=\"caption2 black\">Cpu Load<\/h3>\r\n\t\t<h3 class=\"caption4 gray\">Big screen in incredibly slim design thpat<br> in your hand.<\/h3>\r\n\t\t<h3 class=\"caption5\"><a href=\"#\" class=\"btn-shop\">View more<\/a><\/h3>\r\n\t<\/div>\r\n<\/div>","disabled":"0","removed":"","video_url":"","video_title":"","video_description":"","video_metadata":"","role":""}}},"media_gallery_mobile":{"images":{"tl3t9hamd49":{"position":"1","media_type":"image","video_provider":"","file":"\/mobile\/s\/l\/sldier12-1mobile.jpg","value_id":"","label":"","link":"https:\/\/alothemes.com\/","caption":"<div class=\"container figcaption\">\r\n\t<div class=\"text-slide text-slide1\">\r\n\t\t<h3 class=\"caption1 black\">Good Design<\/h3>\r\n\t\t<h3 class=\"caption2 black\">Speaks for itself.<\/h3>\r\n\t\t<h3 class=\"caption4 gray\">The is no reason all smartphones need<br> to look alike. so we made the beautiful<br> different GDphone 800 Look like this<\/h3>\r\n\t\t<h3 class=\"caption5\"><a href=\"#\" class=\"btn-shop\">View more<\/a><\/h3>\r\n\t<\/div>\r\n<\/div>","disabled":"0","removed":"","video_url":"","video_title":"","video_description":"","video_metadata":"","role":""},"fgsf1ramgp9":{"position":"2","media_type":"image","video_provider":"","file":"\/mobile\/s\/l\/sldier12-2mobile.jpg","value_id":"","label":"","link":"https:\/\/alothemes.com\/","caption":"<div class=\"container figcaption\">\r\n\t<div class=\"text-slide text-slide2\">\r\n\t\t<h3 class=\"caption1 black\">Galaxy Problems<\/h3>\r\n\t\t<h3 class=\"caption2 black\">Cpu Load<\/h3>\r\n\t\t<h3 class=\"caption4 gray\">Big screen in incredibly slim design thpat<br> in your hand.<\/h3>\r\n\t\t<h3 class=\"caption5\"><a href=\"#\" class=\"btn-shop\">View more<\/a><\/h3>\r\n\t<\/div>\r\n<\/div>","disabled":"0","removed":"","video_url":"","video_title":"","video_description":"","video_metadata":"","role":""}}}}]]></config>
      <status><![CDATA[1]]></status>
    </item>
    <item>
      <title><![CDATA[Slider Demo 13]]></title>
      <identifier><![CDATA[slider13]]></identifier>
      <config><![CDATA[{"magicslider_id":"14","title":"Slider Demo 13","status":"1","mobile":"1","portrait":"1","landscape":"1","tablet":"1","notebook":"1","laptop":"1","desktop":"1","widescreen":"1","visible":"1","vertical":"false","infinite":"true","autoplay":"true","arrows":"true","dots":"false","rows":"1","speed":"400","autoplay-Speed":"6000","padding":"0","media_gallery":{"images":{"muejii1v8mq":{"position":"3","media_type":"image","video_provider":"","file":"\/s\/l\/slider13-1_1.jpg","value_id":"","label":"","link":"https:\/\/alothemes.com\/","caption":"<div class=\"container figcaption\">\r\n\t<div class=\"text-slide text-slide1\">\r\n\t\t<h3 class=\"caption1 black\">Good Design<\/h3>\r\n\t\t<h3 class=\"caption2 black\">Speaks for itself.<\/h3>\r\n\t\t<h3 class=\"caption4 gray\">The is no reason all Console need<br> to look alike.<\/h3>\r\n\t\t<h3 class=\"caption5\"><a href=\"#\" class=\"btn-shop\">View more<\/a><\/h3>\r\n\t<\/div>\r\n<\/div>","disabled":"0","removed":"","video_url":"","video_title":"","video_description":"","video_metadata":"","role":""},"vrtervnd1p4":{"position":"4","media_type":"image","video_provider":"","file":"\/s\/l\/slider13-2_1.jpg","value_id":"","label":"","link":"https:\/\/alothemes.com\/","caption":"<div class=\"container figcaption\">\r\n\t<div class=\"text-slide text-slide2\">\r\n\t\t<h3 class=\"caption1 black\">Good Game<\/h3>\r\n\t\t<h3 class=\"caption2 black\">Speaks for itself.<\/h3>\r\n\t\t<h3 class=\"caption4 gray\">The is no reason all Console need<br> to look alike.<\/h3>\r\n\t\t<h3 class=\"caption5\"><a href=\"#\" class=\"btn-shop\">View more<\/a><\/h3>\r\n\t<\/div>\r\n<\/div>","disabled":"0","removed":"","video_url":"","video_title":"","video_description":"","video_metadata":"","role":""}}},"media_gallery_mobile":{"images":{"db7hk7vhfwq":{"position":"1","media_type":"image","video_provider":"","file":"\/mobile\/s\/l\/slider13-1mobile.jpg","value_id":"","label":"","link":"https:\/\/alothemes.com\/","caption":"<div class=\"container figcaption\">\r\n\t<div class=\"text-slide text-slide1\">\r\n\t\t<h3 class=\"caption1 black\">Good Design<\/h3>\r\n\t\t<h3 class=\"caption2 black\">Speaks for itself.<\/h3>\r\n\t\t<h3 class=\"caption4 gray\">The is no reason all Console need<br> to look alike.<\/h3>\r\n\t\t<h3 class=\"caption5\"><a href=\"#\" class=\"btn-shop\">View more<\/a><\/h3>\r\n\t<\/div>\r\n<\/div>","disabled":"0","removed":"","video_url":"","video_title":"","video_description":"","video_metadata":"","role":""},"unmd9h55h1m":{"position":"2","media_type":"image","video_provider":"","file":"\/mobile\/s\/l\/slider13-2mobile.jpg","value_id":"","label":"","link":"https:\/\/alothemes.com\/","caption":"<div class=\"container figcaption\">\r\n\t<div class=\"text-slide text-slide2\">\r\n\t\t<h3 class=\"caption1 black\">Good Game<\/h3>\r\n\t\t<h3 class=\"caption2 black\">Speaks for itself.<\/h3>\r\n\t\t<h3 class=\"caption4 gray\">The is no reason all Console need<br> to look alike.<\/h3>\r\n\t\t<h3 class=\"caption5\"><a href=\"#\" class=\"btn-shop\">View more<\/a><\/h3>\r\n\t<\/div>\r\n<\/div>","disabled":"0","removed":"","video_url":"","video_title":"","video_description":"","video_metadata":"","role":""}}}}]]></config>
      <status><![CDATA[1]]></status>
    </item>
  </magicslider>
</root>
