<?xml version="1.0" encoding="UTF-8"?>
<root>
  <magicproduct>
    <item>
      <title><![CDATA[TV & Audios]]></title>
      <identifier><![CDATA[tv-audios-demo2]]></identifier>
      <type_id><![CDATA[2]]></type_id>
      <config><![CDATA[a:34:{s:9:"countdown";s:0:"";s:5:"title";s:11:"TV & Audios";s:5:"image";s:46:"magiccart/magicproduct/category//i/m/img2c.jpg";s:4:"ajax";s:1:"1";s:5:"types";s:6:"latest";s:5:"limit";s:2:"12";s:6:"status";s:1:"1";s:10:"parameters";a:1:{s:10:"conditions";a:1:{i:1;a:4:{s:4:"type";s:50:"Magento\CatalogWidget\Model\Rule\Condition\Combine";s:10:"aggregator";s:3:"all";s:5:"value";s:1:"1";s:9:"new_child";s:0:"";}}}s:12:"category_ids";a:1:{i:0;s:1:"6";}s:9:"activated";s:1:"6";s:6:"mobile";s:1:"1";s:8:"portrait";s:1:"1";s:9:"landscape";s:1:"2";s:6:"tablet";s:1:"3";s:8:"notebook";s:1:"2";s:6:"laptop";s:1:"3";s:7:"desktop";s:1:"3";s:10:"widescreen";s:1:"4";s:7:"visible";s:1:"4";s:5:"timer";s:1:"0";s:5:"slide";s:1:"1";s:8:"vertical";s:5:"false";s:8:"infinite";s:4:"true";s:8:"autoplay";s:5:"false";s:6:"arrows";s:4:"true";s:4:"dots";s:5:"false";s:4:"rows";s:1:"1";s:5:"speed";s:3:"400";s:14:"autoplay-Speed";s:4:"6000";s:7:"padding";s:2:"15";s:4:"cart";s:1:"1";s:7:"compare";s:1:"1";s:8:"wishlist";s:1:"1";s:6:"review";s:1:"1";}]]></config>
      <status><![CDATA[1]]></status>
    </item>
    <item>
      <title><![CDATA[Latest Product Sidebar Category]]></title>
      <identifier><![CDATA[latest-product-sidebar-category]]></identifier>
      <type_id><![CDATA[1]]></type_id>
      <config><![CDATA[a:34:{s:8:"form_key";s:16:"vuiagP7OcA1nugt3";s:15:"magicproduct_id";s:1:"8";s:9:"countdown";s:0:"";s:5:"title";s:31:"Latest Product Sidebar Category";s:4:"ajax";s:1:"1";s:5:"types";a:1:{i:0;s:6:"latest";}s:9:"activated";s:6:"latest";s:5:"limit";s:1:"4";s:6:"status";s:1:"1";s:10:"parameters";a:1:{s:10:"conditions";a:1:{i:1;a:4:{s:4:"type";s:50:"Magento\CatalogWidget\Model\Rule\Condition\Combine";s:10:"aggregator";s:3:"all";s:5:"value";s:1:"1";s:9:"new_child";s:0:"";}}}s:6:"mobile";s:1:"1";s:8:"portrait";s:1:"1";s:9:"landscape";s:1:"1";s:6:"tablet";s:1:"1";s:8:"notebook";s:1:"1";s:6:"laptop";s:1:"1";s:7:"desktop";s:1:"1";s:10:"widescreen";s:1:"1";s:7:"visible";s:1:"1";s:5:"timer";s:1:"0";s:5:"slide";s:1:"0";s:8:"vertical";s:5:"false";s:8:"infinite";s:4:"true";s:8:"autoplay";s:4:"true";s:6:"arrows";s:4:"true";s:4:"dots";s:5:"false";s:4:"rows";s:1:"1";s:5:"speed";s:3:"300";s:14:"autoplay-Speed";s:4:"3000";s:7:"padding";s:1:"0";s:4:"cart";s:1:"0";s:7:"compare";s:1:"0";s:8:"wishlist";s:1:"0";s:6:"review";s:1:"1";}]]></config>
      <status><![CDATA[1]]></status>
    </item>
    <item>
      <title><![CDATA[Sale Products Demo1]]></title>
      <identifier><![CDATA[sale-products-demo1]]></identifier>
      <type_id><![CDATA[1]]></type_id>
      <config><![CDATA[a:34:{s:8:"form_key";s:16:"ktah2llCG3IHBK8O";s:15:"magicproduct_id";s:2:"10";s:9:"countdown";s:0:"";s:5:"title";s:19:"Sale Products Demo1";s:4:"ajax";s:1:"1";s:5:"types";a:1:{i:0;s:6:"random";}s:9:"activated";s:6:"random";s:5:"limit";s:1:"3";s:6:"status";s:1:"1";s:10:"parameters";a:1:{s:10:"conditions";a:1:{i:1;a:4:{s:4:"type";s:50:"Magento\CatalogWidget\Model\Rule\Condition\Combine";s:10:"aggregator";s:3:"all";s:5:"value";s:1:"1";s:9:"new_child";s:0:"";}}}s:6:"mobile";s:1:"1";s:8:"portrait";s:1:"1";s:9:"landscape";s:1:"1";s:6:"tablet";s:1:"1";s:8:"notebook";s:1:"1";s:6:"laptop";s:1:"1";s:7:"desktop";s:1:"1";s:10:"widescreen";s:1:"1";s:7:"visible";s:1:"1";s:5:"timer";s:1:"0";s:5:"slide";s:1:"1";s:8:"vertical";s:5:"false";s:8:"infinite";s:4:"true";s:8:"autoplay";s:4:"true";s:6:"arrows";s:4:"true";s:4:"dots";s:5:"false";s:4:"rows";s:1:"1";s:5:"speed";s:3:"400";s:14:"autoplay-Speed";s:4:"6000";s:7:"padding";s:2:"15";s:4:"cart";s:1:"0";s:7:"compare";s:1:"0";s:8:"wishlist";s:1:"0";s:6:"review";s:1:"1";}]]></config>
      <status><![CDATA[1]]></status>
    </item>
    <item>
      <title><![CDATA[New Products Demo1]]></title>
      <identifier><![CDATA[new-products-demo1]]></identifier>
      <type_id><![CDATA[1]]></type_id>
      <config><![CDATA[a:34:{s:8:"form_key";s:16:"vuiagP7OcA1nugt3";s:15:"magicproduct_id";s:2:"11";s:9:"countdown";s:0:"";s:5:"title";s:18:"New Products Demo1";s:4:"ajax";s:1:"1";s:5:"types";a:1:{i:0;s:3:"new";}s:9:"activated";s:3:"new";s:5:"limit";s:1:"3";s:6:"status";s:1:"1";s:10:"parameters";a:1:{s:10:"conditions";a:1:{i:1;a:4:{s:4:"type";s:50:"Magento\CatalogWidget\Model\Rule\Condition\Combine";s:10:"aggregator";s:3:"all";s:5:"value";s:1:"1";s:9:"new_child";s:0:"";}}}s:6:"mobile";s:1:"1";s:8:"portrait";s:1:"1";s:9:"landscape";s:1:"1";s:6:"tablet";s:1:"1";s:8:"notebook";s:1:"1";s:6:"laptop";s:1:"1";s:7:"desktop";s:1:"1";s:10:"widescreen";s:1:"1";s:7:"visible";s:1:"1";s:5:"timer";s:1:"0";s:5:"slide";s:1:"1";s:8:"vertical";s:5:"false";s:8:"infinite";s:4:"true";s:8:"autoplay";s:5:"false";s:6:"arrows";s:4:"true";s:4:"dots";s:5:"false";s:4:"rows";s:1:"1";s:5:"speed";s:3:"400";s:14:"autoplay-Speed";s:4:"6000";s:7:"padding";s:2:"15";s:4:"cart";s:1:"0";s:7:"compare";s:1:"0";s:8:"wishlist";s:1:"0";s:6:"review";s:1:"1";}]]></config>
      <status><![CDATA[1]]></status>
    </item>
    <item>
      <title><![CDATA[Best seller demo1]]></title>
      <identifier><![CDATA[bestseller-products-demo1]]></identifier>
      <type_id><![CDATA[1]]></type_id>
      <config><![CDATA[a:34:{s:8:"form_key";s:16:"vuiagP7OcA1nugt3";s:15:"magicproduct_id";s:2:"12";s:9:"countdown";s:0:"";s:5:"title";s:17:"Best seller demo1";s:4:"ajax";s:1:"1";s:5:"types";a:1:{i:0;s:10:"bestseller";}s:9:"activated";s:10:"bestseller";s:5:"limit";s:1:"3";s:6:"status";s:1:"1";s:10:"parameters";a:1:{s:10:"conditions";a:1:{i:1;a:4:{s:4:"type";s:50:"Magento\CatalogWidget\Model\Rule\Condition\Combine";s:10:"aggregator";s:3:"all";s:5:"value";s:1:"1";s:9:"new_child";s:0:"";}}}s:6:"mobile";s:1:"1";s:8:"portrait";s:1:"1";s:9:"landscape";s:1:"1";s:6:"tablet";s:1:"1";s:8:"notebook";s:1:"1";s:6:"laptop";s:1:"1";s:7:"desktop";s:1:"1";s:10:"widescreen";s:1:"1";s:7:"visible";s:1:"1";s:5:"timer";s:1:"0";s:5:"slide";s:1:"1";s:8:"vertical";s:5:"false";s:8:"infinite";s:4:"true";s:8:"autoplay";s:5:"false";s:6:"arrows";s:4:"true";s:4:"dots";s:5:"false";s:4:"rows";s:1:"1";s:5:"speed";s:3:"300";s:14:"autoplay-Speed";s:4:"3000";s:7:"padding";s:2:"15";s:4:"cart";s:1:"0";s:7:"compare";s:1:"0";s:8:"wishlist";s:1:"0";s:6:"review";s:1:"1";}]]></config>
      <status><![CDATA[1]]></status>
    </item>
    <item>
      <title><![CDATA[Deal Of The Day]]></title>
      <identifier><![CDATA[countdown-products-demo1]]></identifier>
      <type_id><![CDATA[1]]></type_id>
      <config><![CDATA[a:34:{s:8:"form_key";s:16:"ktah2llCG3IHBK8O";s:15:"magicproduct_id";s:2:"13";s:9:"countdown";s:0:"";s:5:"title";s:15:"Deal Of The Day";s:4:"ajax";s:1:"1";s:5:"types";a:1:{i:0;s:4:"sale";}s:9:"activated";s:4:"sale";s:5:"limit";s:1:"6";s:6:"status";s:1:"1";s:10:"parameters";a:1:{s:10:"conditions";a:1:{i:1;a:4:{s:4:"type";s:50:"Magento\CatalogWidget\Model\Rule\Condition\Combine";s:10:"aggregator";s:3:"all";s:5:"value";s:1:"1";s:9:"new_child";s:0:"";}}}s:6:"mobile";s:1:"1";s:8:"portrait";s:1:"1";s:9:"landscape";s:1:"1";s:6:"tablet";s:1:"1";s:8:"notebook";s:1:"1";s:6:"laptop";s:1:"1";s:7:"desktop";s:1:"1";s:10:"widescreen";s:1:"2";s:7:"visible";s:1:"2";s:5:"timer";s:1:"1";s:5:"slide";s:1:"1";s:8:"vertical";s:5:"false";s:8:"infinite";s:4:"true";s:8:"autoplay";s:5:"false";s:6:"arrows";s:4:"true";s:4:"dots";s:5:"false";s:4:"rows";s:1:"1";s:5:"speed";s:3:"400";s:14:"autoplay-Speed";s:4:"9000";s:7:"padding";s:2:"15";s:4:"cart";s:1:"1";s:7:"compare";s:1:"0";s:8:"wishlist";s:1:"0";s:6:"review";s:1:"1";}]]></config>
      <status><![CDATA[1]]></status>
    </item>
    <item>
      <title><![CDATA[Featured Products]]></title>
      <identifier><![CDATA[feature-products-demo1]]></identifier>
      <type_id><![CDATA[1]]></type_id>
      <config><![CDATA[a:34:{s:8:"form_key";s:16:"djeWmjIiSMrHyugm";s:15:"magicproduct_id";s:2:"14";s:9:"countdown";s:0:"";s:5:"title";s:17:"Featured Products";s:4:"ajax";s:1:"1";s:5:"types";a:1:{i:0;s:8:"featured";}s:9:"activated";s:8:"featured";s:5:"limit";s:2:"10";s:6:"status";s:1:"1";s:10:"parameters";a:1:{s:10:"conditions";a:1:{i:1;a:4:{s:4:"type";s:50:"Magento\CatalogWidget\Model\Rule\Condition\Combine";s:10:"aggregator";s:3:"all";s:5:"value";s:1:"1";s:9:"new_child";s:0:"";}}}s:6:"mobile";s:1:"1";s:8:"portrait";s:1:"1";s:9:"landscape";s:1:"2";s:6:"tablet";s:1:"3";s:8:"notebook";s:1:"3";s:6:"laptop";s:1:"4";s:7:"desktop";s:1:"4";s:10:"widescreen";s:1:"5";s:7:"visible";s:1:"5";s:5:"timer";s:1:"0";s:5:"slide";s:1:"1";s:8:"vertical";s:5:"false";s:8:"infinite";s:4:"true";s:8:"autoplay";s:5:"false";s:6:"arrows";s:4:"true";s:4:"dots";s:5:"false";s:4:"rows";s:1:"1";s:5:"speed";s:3:"400";s:14:"autoplay-Speed";s:4:"6000";s:7:"padding";s:2:"15";s:4:"cart";s:1:"1";s:7:"compare";s:1:"1";s:8:"wishlist";s:1:"1";s:6:"review";s:1:"1";}]]></config>
      <status><![CDATA[1]]></status>
    </item>
    <item>
      <title><![CDATA[Computers & Laptops]]></title>
      <identifier><![CDATA[computers-laptops-demo1]]></identifier>
      <type_id><![CDATA[3]]></type_id>
      <config><![CDATA[a:33:{s:15:"magicproduct_id";s:2:"15";s:5:"title";s:19:"Computers & Laptops";s:4:"ajax";s:1:"1";s:5:"types";a:3:{i:0;s:8:"featured";i:1;s:6:"latest";i:2;s:6:"random";}s:9:"activated";s:8:"featured";s:5:"limit";s:1:"5";s:6:"status";s:1:"1";s:10:"parameters";a:1:{s:10:"conditions";a:1:{i:1;a:4:{s:4:"type";s:50:"Magento\CatalogWidget\Model\Rule\Condition\Combine";s:10:"aggregator";s:3:"all";s:5:"value";s:1:"1";s:9:"new_child";s:0:"";}}}s:11:"category_id";s:1:"3";s:6:"mobile";s:1:"1";s:8:"portrait";s:1:"1";s:9:"landscape";s:1:"2";s:6:"tablet";s:1:"2";s:8:"notebook";s:1:"2";s:6:"laptop";s:1:"4";s:7:"desktop";s:1:"4";s:10:"widescreen";s:1:"5";s:7:"visible";s:1:"5";s:5:"timer";s:1:"0";s:5:"slide";s:1:"1";s:8:"vertical";s:5:"false";s:8:"infinite";s:4:"true";s:8:"autoplay";s:4:"true";s:6:"arrows";s:5:"false";s:4:"dots";s:4:"true";s:4:"rows";s:1:"1";s:5:"speed";s:3:"300";s:14:"autoplay-Speed";s:4:"3000";s:7:"padding";s:2:"15";s:4:"cart";s:1:"1";s:7:"compare";s:1:"1";s:8:"wishlist";s:1:"1";s:6:"review";s:1:"1";}]]></config>
      <status><![CDATA[1]]></status>
    </item>
    <item>
      <title><![CDATA[TV & Audios]]></title>
      <identifier><![CDATA[tv-audios-demo1]]></identifier>
      <type_id><![CDATA[3]]></type_id>
      <config><![CDATA[a:34:{s:15:"magicproduct_id";s:2:"16";s:5:"title";s:11:"TV & Audios";s:4:"ajax";s:1:"1";s:5:"types";a:3:{i:0;s:8:"featured";i:1;s:6:"latest";i:2;s:3:"new";}s:9:"activated";s:6:"latest";s:5:"limit";s:1:"5";s:6:"status";s:1:"1";s:10:"parameters";a:1:{s:10:"conditions";a:1:{i:1;a:4:{s:4:"type";s:50:"Magento\CatalogWidget\Model\Rule\Condition\Combine";s:10:"aggregator";s:3:"all";s:5:"value";s:1:"1";s:9:"new_child";s:0:"";}}}s:11:"category_id";s:1:"6";s:12:"category_ids";a:1:{i:0;s:1:"4";}s:6:"mobile";s:1:"1";s:8:"portrait";s:1:"1";s:9:"landscape";s:1:"2";s:6:"tablet";s:1:"2";s:8:"notebook";s:1:"2";s:6:"laptop";s:1:"4";s:7:"desktop";s:1:"4";s:10:"widescreen";s:1:"5";s:7:"visible";s:1:"5";s:5:"timer";s:1:"0";s:5:"slide";s:1:"1";s:8:"vertical";s:5:"false";s:8:"infinite";s:4:"true";s:8:"autoplay";s:4:"true";s:6:"arrows";s:5:"false";s:4:"dots";s:4:"true";s:4:"rows";s:1:"1";s:5:"speed";s:3:"300";s:14:"autoplay-Speed";s:4:"3000";s:7:"padding";s:2:"15";s:4:"cart";s:1:"1";s:7:"compare";s:1:"1";s:8:"wishlist";s:1:"1";s:6:"review";s:1:"1";}]]></config>
      <status><![CDATA[1]]></status>
    </item>
    <item>
      <title><![CDATA[Latest Product Demo1]]></title>
      <identifier><![CDATA[latest-product-demo1]]></identifier>
      <type_id><![CDATA[1]]></type_id>
      <config><![CDATA[a:34:{s:8:"form_key";s:16:"djeWmjIiSMrHyugm";s:15:"magicproduct_id";s:2:"17";s:9:"countdown";s:0:"";s:5:"title";s:20:"Latest Product Demo1";s:4:"ajax";s:1:"1";s:5:"types";a:1:{i:0;s:6:"latest";}s:9:"activated";s:6:"latest";s:5:"limit";s:1:"8";s:6:"status";s:1:"1";s:10:"parameters";a:1:{s:10:"conditions";a:1:{i:1;a:4:{s:4:"type";s:50:"Magento\CatalogWidget\Model\Rule\Condition\Combine";s:10:"aggregator";s:3:"all";s:5:"value";s:1:"1";s:9:"new_child";s:0:"";}}}s:6:"mobile";s:1:"1";s:8:"portrait";s:1:"1";s:9:"landscape";s:1:"2";s:6:"tablet";s:1:"3";s:8:"notebook";s:1:"3";s:6:"laptop";s:1:"3";s:7:"desktop";s:1:"3";s:10:"widescreen";s:1:"4";s:7:"visible";s:1:"4";s:5:"timer";s:1:"0";s:5:"slide";s:1:"1";s:8:"vertical";s:5:"false";s:8:"infinite";s:4:"true";s:8:"autoplay";s:4:"true";s:6:"arrows";s:5:"false";s:4:"dots";s:4:"true";s:4:"rows";s:1:"2";s:5:"speed";s:3:"300";s:14:"autoplay-Speed";s:4:"3000";s:7:"padding";s:2:"15";s:4:"cart";s:1:"1";s:7:"compare";s:1:"1";s:8:"wishlist";s:1:"1";s:6:"review";s:1:"1";}]]></config>
      <status><![CDATA[1]]></status>
    </item>
    <item>
      <title><![CDATA[Featured Products Tab Demo2]]></title>
      <identifier><![CDATA[featured-products-tab-demo2]]></identifier>
      <type_id><![CDATA[1]]></type_id>
      <config><![CDATA[a:34:{s:8:"form_key";s:16:"RVdTMXM7dU4ENSCM";s:15:"magicproduct_id";s:2:"18";s:9:"countdown";s:0:"";s:5:"title";s:27:"Featured Products Tab Demo2";s:4:"ajax";s:1:"1";s:5:"types";a:3:{i:0;s:8:"featured";i:1;s:6:"latest";i:2;s:6:"random";}s:9:"activated";s:8:"featured";s:5:"limit";s:1:"5";s:6:"status";s:1:"1";s:10:"parameters";a:1:{s:10:"conditions";a:1:{i:1;a:4:{s:4:"type";s:50:"Magento\CatalogWidget\Model\Rule\Condition\Combine";s:10:"aggregator";s:3:"all";s:5:"value";s:1:"1";s:9:"new_child";s:0:"";}}}s:6:"mobile";s:1:"1";s:8:"portrait";s:1:"1";s:9:"landscape";s:1:"2";s:6:"tablet";s:1:"3";s:8:"notebook";s:1:"3";s:6:"laptop";s:1:"4";s:7:"desktop";s:1:"4";s:10:"widescreen";s:1:"5";s:7:"visible";s:1:"5";s:5:"timer";s:1:"0";s:5:"slide";s:1:"1";s:8:"vertical";s:5:"false";s:8:"infinite";s:4:"true";s:8:"autoplay";s:5:"false";s:6:"arrows";s:5:"false";s:4:"dots";s:4:"true";s:4:"rows";s:1:"1";s:5:"speed";s:3:"300";s:14:"autoplay-Speed";s:4:"3000";s:7:"padding";s:2:"15";s:4:"cart";s:1:"1";s:7:"compare";s:1:"1";s:8:"wishlist";s:1:"1";s:6:"review";s:1:"1";}]]></config>
      <status><![CDATA[1]]></status>
    </item>
    <item>
      <title><![CDATA[Bestseller Products]]></title>
      <identifier><![CDATA[bestseller-products-demo2]]></identifier>
      <type_id><![CDATA[2]]></type_id>
      <config><![CDATA[a:33:{s:9:"countdown";s:0:"";s:5:"title";s:19:"Bestseller Products";s:4:"ajax";s:1:"1";s:5:"types";s:6:"random";s:5:"limit";s:1:"8";s:6:"status";s:1:"1";s:10:"parameters";a:1:{s:10:"conditions";a:1:{i:1;a:4:{s:4:"type";s:50:"Magento\CatalogWidget\Model\Rule\Condition\Combine";s:10:"aggregator";s:3:"all";s:5:"value";s:1:"1";s:9:"new_child";s:0:"";}}}s:12:"category_ids";a:3:{i:0;s:1:"3";i:1;s:1:"4";i:2;s:1:"6";}s:9:"activated";s:1:"3";s:6:"mobile";s:1:"1";s:8:"portrait";s:1:"1";s:9:"landscape";s:1:"2";s:6:"tablet";s:1:"3";s:8:"notebook";s:1:"3";s:6:"laptop";s:1:"3";s:7:"desktop";s:1:"3";s:10:"widescreen";s:1:"4";s:7:"visible";s:1:"4";s:5:"timer";s:1:"0";s:5:"slide";s:1:"1";s:8:"vertical";s:5:"false";s:8:"infinite";s:4:"true";s:8:"autoplay";s:4:"true";s:6:"arrows";s:5:"false";s:4:"dots";s:4:"true";s:4:"rows";s:1:"2";s:5:"speed";s:3:"300";s:14:"autoplay-Speed";s:4:"3000";s:7:"padding";s:2:"15";s:4:"cart";s:1:"1";s:7:"compare";s:1:"1";s:8:"wishlist";s:1:"1";s:6:"review";s:1:"1";}]]></config>
      <status><![CDATA[1]]></status>
    </item>
    <item>
      <title><![CDATA[New Products Demo2]]></title>
      <identifier><![CDATA[new-products-demo2]]></identifier>
      <type_id><![CDATA[1]]></type_id>
      <config><![CDATA[a:34:{s:8:"form_key";s:16:"RVdTMXM7dU4ENSCM";s:15:"magicproduct_id";s:2:"20";s:9:"countdown";s:0:"";s:5:"title";s:18:"New Products Demo2";s:4:"ajax";s:1:"1";s:5:"types";a:1:{i:0;s:3:"new";}s:9:"activated";s:3:"new";s:5:"limit";s:1:"6";s:6:"status";s:1:"1";s:10:"parameters";a:1:{s:10:"conditions";a:1:{i:1;a:4:{s:4:"type";s:50:"Magento\CatalogWidget\Model\Rule\Condition\Combine";s:10:"aggregator";s:3:"all";s:5:"value";s:1:"1";s:9:"new_child";s:0:"";}}}s:6:"mobile";s:1:"1";s:8:"portrait";s:1:"1";s:9:"landscape";s:1:"2";s:6:"tablet";s:1:"3";s:8:"notebook";s:1:"3";s:6:"laptop";s:1:"3";s:7:"desktop";s:1:"3";s:10:"widescreen";s:1:"4";s:7:"visible";s:1:"4";s:5:"timer";s:1:"0";s:5:"slide";s:1:"1";s:8:"vertical";s:5:"false";s:8:"infinite";s:4:"true";s:8:"autoplay";s:5:"false";s:6:"arrows";s:4:"true";s:4:"dots";s:5:"false";s:4:"rows";s:1:"1";s:5:"speed";s:3:"300";s:14:"autoplay-Speed";s:4:"3000";s:7:"padding";s:2:"15";s:4:"cart";s:1:"1";s:7:"compare";s:1:"1";s:8:"wishlist";s:1:"1";s:6:"review";s:1:"1";}]]></config>
      <status><![CDATA[1]]></status>
    </item>
    <item>
      <title><![CDATA[Deal Of The Week]]></title>
      <identifier><![CDATA[countdown-products-demo3]]></identifier>
      <type_id><![CDATA[1]]></type_id>
      <config><![CDATA[a:34:{s:8:"form_key";s:16:"RVdTMXM7dU4ENSCM";s:15:"magicproduct_id";s:2:"21";s:9:"countdown";s:0:"";s:5:"title";s:16:"Deal Of The Week";s:4:"ajax";s:1:"1";s:5:"types";a:1:{i:0;s:4:"sale";}s:9:"activated";s:4:"sale";s:5:"limit";s:2:"10";s:6:"status";s:1:"1";s:10:"parameters";a:1:{s:10:"conditions";a:2:{i:1;a:4:{s:4:"type";s:50:"Magento\CatalogWidget\Model\Rule\Condition\Combine";s:10:"aggregator";s:3:"all";s:5:"value";s:1:"1";s:9:"new_child";s:0:"";}s:4:"1--1";a:4:{s:4:"type";s:50:"Magento\CatalogWidget\Model\Rule\Condition\Product";s:9:"attribute";s:16:"attribute_set_id";s:8:"operator";s:2:"==";s:5:"value";s:1:"9";}}}s:6:"mobile";s:1:"1";s:8:"portrait";s:1:"1";s:9:"landscape";s:1:"2";s:6:"tablet";s:1:"3";s:8:"notebook";s:1:"3";s:6:"laptop";s:1:"4";s:7:"desktop";s:1:"4";s:10:"widescreen";s:1:"5";s:7:"visible";s:1:"5";s:5:"timer";s:1:"1";s:5:"slide";s:1:"1";s:8:"vertical";s:5:"false";s:8:"infinite";s:4:"true";s:8:"autoplay";s:5:"false";s:6:"arrows";s:4:"true";s:4:"dots";s:5:"false";s:4:"rows";s:1:"1";s:5:"speed";s:3:"300";s:14:"autoplay-Speed";s:4:"3000";s:7:"padding";s:2:"15";s:4:"cart";s:1:"1";s:7:"compare";s:1:"1";s:8:"wishlist";s:1:"1";s:6:"review";s:1:"1";}]]></config>
      <status><![CDATA[1]]></status>
    </item>
    <item>
      <title><![CDATA[Featured Products Demo3]]></title>
      <identifier><![CDATA[feature-products-demo3]]></identifier>
      <type_id><![CDATA[1]]></type_id>
      <config><![CDATA[a:34:{s:8:"form_key";s:16:"RVdTMXM7dU4ENSCM";s:15:"magicproduct_id";s:2:"22";s:9:"countdown";s:0:"";s:5:"title";s:23:"Featured Products Demo3";s:4:"ajax";s:1:"1";s:5:"types";a:1:{i:0;s:8:"featured";}s:9:"activated";s:8:"featured";s:5:"limit";s:2:"10";s:6:"status";s:1:"1";s:10:"parameters";a:1:{s:10:"conditions";a:2:{i:1;a:4:{s:4:"type";s:50:"Magento\CatalogWidget\Model\Rule\Condition\Combine";s:10:"aggregator";s:3:"all";s:5:"value";s:1:"1";s:9:"new_child";s:0:"";}s:4:"1--1";a:4:{s:4:"type";s:50:"Magento\CatalogWidget\Model\Rule\Condition\Product";s:9:"attribute";s:16:"attribute_set_id";s:8:"operator";s:2:"==";s:5:"value";s:1:"9";}}}s:6:"mobile";s:1:"1";s:8:"portrait";s:1:"1";s:9:"landscape";s:1:"2";s:6:"tablet";s:1:"3";s:8:"notebook";s:1:"3";s:6:"laptop";s:1:"4";s:7:"desktop";s:1:"4";s:10:"widescreen";s:1:"5";s:7:"visible";s:1:"5";s:5:"timer";s:1:"0";s:5:"slide";s:1:"1";s:8:"vertical";s:5:"false";s:8:"infinite";s:4:"true";s:8:"autoplay";s:5:"false";s:6:"arrows";s:4:"true";s:4:"dots";s:5:"false";s:4:"rows";s:1:"1";s:5:"speed";s:3:"400";s:14:"autoplay-Speed";s:4:"6000";s:7:"padding";s:2:"15";s:4:"cart";s:1:"1";s:7:"compare";s:1:"1";s:8:"wishlist";s:1:"1";s:6:"review";s:1:"1";}]]></config>
      <status><![CDATA[1]]></status>
    </item>
    <item>
      <title><![CDATA[New products]]></title>
      <identifier><![CDATA[new-products-demo3]]></identifier>
      <type_id><![CDATA[2]]></type_id>
      <config><![CDATA[a:33:{s:9:"countdown";s:0:"";s:5:"title";s:12:"New products";s:4:"ajax";s:1:"1";s:5:"types";s:6:"latest";s:5:"limit";s:1:"8";s:6:"status";s:1:"1";s:10:"parameters";a:1:{s:10:"conditions";a:1:{i:1;a:4:{s:4:"type";s:50:"Magento\CatalogWidget\Model\Rule\Condition\Combine";s:10:"aggregator";s:3:"all";s:5:"value";s:1:"1";s:9:"new_child";s:0:"";}}}s:12:"category_ids";a:4:{i:0;s:3:"109";i:1;s:3:"129";i:2;s:3:"136";i:3;s:3:"143";}s:9:"activated";s:3:"109";s:6:"mobile";s:1:"1";s:8:"portrait";s:1:"1";s:9:"landscape";s:1:"2";s:6:"tablet";s:1:"3";s:8:"notebook";s:1:"3";s:6:"laptop";s:1:"3";s:7:"desktop";s:1:"3";s:10:"widescreen";s:1:"4";s:7:"visible";s:1:"4";s:5:"timer";s:1:"0";s:5:"slide";s:1:"1";s:8:"vertical";s:5:"false";s:8:"infinite";s:4:"true";s:8:"autoplay";s:4:"true";s:6:"arrows";s:5:"false";s:4:"dots";s:4:"true";s:4:"rows";s:1:"2";s:5:"speed";s:3:"300";s:14:"autoplay-Speed";s:4:"3000";s:7:"padding";s:2:"15";s:4:"cart";s:1:"1";s:7:"compare";s:1:"1";s:8:"wishlist";s:1:"1";s:6:"review";s:1:"1";}]]></config>
      <status><![CDATA[1]]></status>
    </item>
    <item>
      <title><![CDATA[On Sale Products]]></title>
      <identifier><![CDATA[on-sale-products-demo3]]></identifier>
      <type_id><![CDATA[2]]></type_id>
      <config><![CDATA[a:33:{s:9:"countdown";s:0:"";s:5:"title";s:16:"On Sale Products";s:4:"ajax";s:1:"1";s:5:"types";s:6:"latest";s:5:"limit";s:2:"10";s:6:"status";s:1:"1";s:10:"parameters";a:1:{s:10:"conditions";a:1:{i:1;a:4:{s:4:"type";s:50:"Magento\CatalogWidget\Model\Rule\Condition\Combine";s:10:"aggregator";s:3:"all";s:5:"value";s:1:"1";s:9:"new_child";s:0:"";}}}s:12:"category_ids";a:4:{i:0;s:3:"109";i:1;s:3:"129";i:2;s:3:"136";i:3;s:3:"143";}s:9:"activated";s:3:"109";s:6:"mobile";s:1:"1";s:8:"portrait";s:1:"1";s:9:"landscape";s:1:"2";s:6:"tablet";s:1:"3";s:8:"notebook";s:1:"3";s:6:"laptop";s:1:"4";s:7:"desktop";s:1:"4";s:10:"widescreen";s:1:"5";s:7:"visible";s:1:"5";s:5:"timer";s:1:"0";s:5:"slide";s:1:"1";s:8:"vertical";s:5:"false";s:8:"infinite";s:4:"true";s:8:"autoplay";s:5:"false";s:6:"arrows";s:4:"true";s:4:"dots";s:5:"false";s:4:"rows";s:1:"1";s:5:"speed";s:3:"300";s:14:"autoplay-Speed";s:4:"3000";s:7:"padding";s:2:"15";s:4:"cart";s:1:"1";s:7:"compare";s:1:"1";s:8:"wishlist";s:1:"1";s:6:"review";s:1:"1";}]]></config>
      <status><![CDATA[1]]></status>
    </item>
    <item>
      <title><![CDATA[Latest Products Demo3]]></title>
      <identifier><![CDATA[latest-products-demo3]]></identifier>
      <type_id><![CDATA[1]]></type_id>
      <config><![CDATA[a:34:{s:8:"form_key";s:16:"RVdTMXM7dU4ENSCM";s:15:"magicproduct_id";s:2:"25";s:9:"countdown";s:0:"";s:5:"title";s:21:"Latest Products Demo3";s:4:"ajax";s:1:"1";s:5:"types";a:1:{i:0;s:6:"latest";}s:9:"activated";s:6:"latest";s:5:"limit";s:2:"10";s:6:"status";s:1:"1";s:10:"parameters";a:1:{s:10:"conditions";a:2:{i:1;a:4:{s:4:"type";s:50:"Magento\CatalogWidget\Model\Rule\Condition\Combine";s:10:"aggregator";s:3:"all";s:5:"value";s:1:"1";s:9:"new_child";s:0:"";}s:4:"1--1";a:4:{s:4:"type";s:50:"Magento\CatalogWidget\Model\Rule\Condition\Product";s:9:"attribute";s:16:"attribute_set_id";s:8:"operator";s:2:"==";s:5:"value";s:1:"9";}}}s:6:"mobile";s:1:"1";s:8:"portrait";s:1:"1";s:9:"landscape";s:1:"2";s:6:"tablet";s:1:"3";s:8:"notebook";s:1:"3";s:6:"laptop";s:1:"4";s:7:"desktop";s:1:"4";s:10:"widescreen";s:1:"5";s:7:"visible";s:1:"5";s:5:"timer";s:1:"0";s:5:"slide";s:1:"1";s:8:"vertical";s:5:"false";s:8:"infinite";s:4:"true";s:8:"autoplay";s:4:"true";s:6:"arrows";s:4:"true";s:4:"dots";s:5:"false";s:4:"rows";s:1:"1";s:5:"speed";s:3:"300";s:14:"autoplay-Speed";s:4:"3000";s:7:"padding";s:2:"15";s:4:"cart";s:1:"1";s:7:"compare";s:1:"1";s:8:"wishlist";s:1:"1";s:6:"review";s:1:"1";}]]></config>
      <status><![CDATA[1]]></status>
    </item>
    <item>
      <title><![CDATA[New products]]></title>
      <identifier><![CDATA[new-products-demo4]]></identifier>
      <type_id><![CDATA[2]]></type_id>
      <config><![CDATA[a:33:{s:9:"countdown";s:0:"";s:5:"title";s:12:"New products";s:4:"ajax";s:1:"1";s:5:"types";s:6:"latest";s:5:"limit";s:2:"10";s:6:"status";s:1:"1";s:10:"parameters";a:1:{s:10:"conditions";a:1:{i:1;a:4:{s:4:"type";s:50:"Magento\CatalogWidget\Model\Rule\Condition\Combine";s:10:"aggregator";s:3:"all";s:5:"value";s:1:"1";s:9:"new_child";s:0:"";}}}s:12:"category_ids";a:4:{i:0;s:2:"19";i:1;s:3:"152";i:2;s:3:"153";i:3;s:3:"154";}s:9:"activated";s:2:"19";s:6:"mobile";s:1:"1";s:8:"portrait";s:1:"1";s:9:"landscape";s:1:"2";s:6:"tablet";s:1:"3";s:8:"notebook";s:1:"3";s:6:"laptop";s:1:"4";s:7:"desktop";s:1:"4";s:10:"widescreen";s:1:"5";s:7:"visible";s:1:"5";s:5:"timer";s:1:"0";s:5:"slide";s:1:"1";s:8:"vertical";s:5:"false";s:8:"infinite";s:4:"true";s:8:"autoplay";s:4:"true";s:6:"arrows";s:4:"true";s:4:"dots";s:5:"false";s:4:"rows";s:1:"1";s:5:"speed";s:3:"300";s:14:"autoplay-Speed";s:4:"3000";s:7:"padding";s:2:"15";s:4:"cart";s:1:"1";s:7:"compare";s:1:"1";s:8:"wishlist";s:1:"1";s:6:"review";s:1:"1";}]]></config>
      <status><![CDATA[1]]></status>
    </item>
    <item>
      <title><![CDATA[Hand Tools]]></title>
      <identifier><![CDATA[hand-tool-demo4]]></identifier>
      <type_id><![CDATA[3]]></type_id>
      <config><![CDATA[a:34:{s:15:"magicproduct_id";s:2:"27";s:5:"title";s:10:"Hand Tools";s:4:"ajax";s:1:"1";s:5:"types";a:3:{i:0;s:8:"featured";i:1;s:6:"latest";i:2;s:6:"random";}s:9:"activated";s:8:"featured";s:5:"limit";s:1:"8";s:6:"status";s:1:"1";s:10:"parameters";a:1:{s:10:"conditions";a:1:{i:1;a:4:{s:4:"type";s:50:"Magento\CatalogWidget\Model\Rule\Condition\Combine";s:10:"aggregator";s:3:"all";s:5:"value";s:1:"1";s:9:"new_child";s:0:"";}}}s:11:"category_id";s:2:"19";s:6:"mobile";s:1:"1";s:8:"portrait";s:1:"1";s:9:"landscape";s:1:"2";s:6:"tablet";s:1:"2";s:8:"notebook";s:1:"2";s:6:"laptop";s:1:"3";s:7:"desktop";s:1:"3";s:10:"widescreen";s:1:"4";s:7:"visible";s:1:"4";s:5:"timer";s:1:"0";s:5:"slide";s:1:"1";s:8:"vertical";s:5:"false";s:8:"infinite";s:4:"true";s:8:"autoplay";s:4:"true";s:6:"arrows";s:4:"true";s:4:"dots";s:5:"false";s:4:"rows";s:1:"1";s:5:"speed";s:3:"400";s:14:"autoplay-Speed";s:4:"6000";s:7:"padding";s:2:"15";s:4:"cart";s:1:"1";s:7:"compare";s:1:"1";s:8:"wishlist";s:1:"1";s:6:"review";s:1:"1";s:13:"media_gallery";a:1:{s:6:"images";a:1:{s:11:"5gl017pfnne";a:15:{s:8:"position";s:1:"2";s:10:"media_type";s:5:"image";s:14:"video_provider";s:0:"";s:4:"file";s:24:"/b/a/banner-product2.jpg";s:8:"value_id";s:0:"";s:5:"label";s:0:"";s:4:"link";s:0:"";s:7:"caption";s:0:"";s:8:"disabled";s:1:"0";s:7:"removed";s:0:"";s:9:"video_url";s:0:"";s:11:"video_title";s:0:"";s:17:"video_description";s:0:"";s:14:"video_metadata";s:0:"";s:4:"role";s:0:"";}}}}]]></config>
      <status><![CDATA[1]]></status>
    </item>
    <item>
      <title><![CDATA[Carpenter Tools]]></title>
      <identifier><![CDATA[carpenter-tools-demo4]]></identifier>
      <type_id><![CDATA[3]]></type_id>
      <config><![CDATA[a:35:{s:15:"magicproduct_id";s:2:"28";s:5:"title";s:15:"Carpenter Tools";s:4:"ajax";s:1:"1";s:5:"types";a:3:{i:0;s:6:"latest";i:1;s:6:"random";i:2;s:4:"sale";}s:9:"activated";s:6:"latest";s:5:"limit";s:1:"8";s:6:"status";s:1:"1";s:10:"parameters";a:1:{s:10:"conditions";a:1:{i:1;a:4:{s:4:"type";s:50:"Magento\CatalogWidget\Model\Rule\Condition\Combine";s:10:"aggregator";s:3:"all";s:5:"value";s:1:"1";s:9:"new_child";s:0:"";}}}s:11:"category_id";s:3:"150";s:12:"category_ids";a:1:{i:0;s:3:"151";}s:6:"mobile";s:1:"1";s:8:"portrait";s:1:"1";s:9:"landscape";s:1:"2";s:6:"tablet";s:1:"2";s:8:"notebook";s:1:"2";s:6:"laptop";s:1:"3";s:7:"desktop";s:1:"3";s:10:"widescreen";s:1:"4";s:7:"visible";s:1:"4";s:5:"timer";s:1:"0";s:5:"slide";s:1:"1";s:8:"vertical";s:5:"false";s:8:"infinite";s:4:"true";s:8:"autoplay";s:4:"true";s:6:"arrows";s:4:"true";s:4:"dots";s:5:"false";s:4:"rows";s:1:"1";s:5:"speed";s:3:"300";s:14:"autoplay-Speed";s:4:"3000";s:7:"padding";s:2:"15";s:4:"cart";s:1:"1";s:7:"compare";s:1:"1";s:8:"wishlist";s:1:"1";s:6:"review";s:1:"1";s:13:"media_gallery";a:1:{s:6:"images";a:1:{s:11:"697nauuphra";a:15:{s:8:"position";s:1:"2";s:10:"media_type";s:5:"image";s:14:"video_provider";s:0:"";s:4:"file";s:24:"/b/a/banner-product3.jpg";s:8:"value_id";s:0:"";s:5:"label";s:0:"";s:4:"link";s:0:"";s:7:"caption";s:0:"";s:8:"disabled";s:1:"0";s:7:"removed";s:0:"";s:9:"video_url";s:0:"";s:11:"video_title";s:0:"";s:17:"video_description";s:0:"";s:14:"video_metadata";s:0:"";s:4:"role";s:0:"";}}}}]]></config>
      <status><![CDATA[1]]></status>
    </item>
    <item>
      <title><![CDATA[Deals Of The Day]]></title>
      <identifier><![CDATA[deals-of-the-day-demo4]]></identifier>
      <type_id><![CDATA[1]]></type_id>
      <config><![CDATA[a:34:{s:8:"form_key";s:16:"vuiagP7OcA1nugt3";s:15:"magicproduct_id";s:2:"29";s:9:"countdown";s:0:"";s:5:"title";s:16:"Deals Of The Day";s:4:"ajax";s:1:"1";s:5:"types";a:1:{i:0;s:4:"sale";}s:9:"activated";s:4:"sale";s:5:"limit";s:1:"3";s:6:"status";s:1:"1";s:10:"parameters";a:1:{s:10:"conditions";a:2:{i:1;a:4:{s:4:"type";s:50:"Magento\CatalogWidget\Model\Rule\Condition\Combine";s:10:"aggregator";s:3:"all";s:5:"value";s:1:"1";s:9:"new_child";s:0:"";}s:4:"1--1";a:4:{s:4:"type";s:50:"Magento\CatalogWidget\Model\Rule\Condition\Product";s:9:"attribute";s:16:"attribute_set_id";s:8:"operator";s:2:"==";s:5:"value";s:2:"10";}}}s:6:"mobile";s:1:"1";s:8:"portrait";s:1:"1";s:9:"landscape";s:1:"1";s:6:"tablet";s:1:"1";s:8:"notebook";s:1:"1";s:6:"laptop";s:1:"1";s:7:"desktop";s:1:"1";s:10:"widescreen";s:1:"1";s:7:"visible";s:1:"1";s:5:"timer";s:1:"1";s:5:"slide";s:1:"1";s:8:"vertical";s:5:"false";s:8:"infinite";s:4:"true";s:8:"autoplay";s:5:"false";s:6:"arrows";s:4:"true";s:4:"dots";s:5:"false";s:4:"rows";s:1:"1";s:5:"speed";s:3:"300";s:14:"autoplay-Speed";s:4:"3000";s:7:"padding";s:2:"15";s:4:"cart";s:1:"1";s:7:"compare";s:1:"1";s:8:"wishlist";s:1:"1";s:6:"review";s:1:"1";}]]></config>
      <status><![CDATA[1]]></status>
    </item>
    <item>
      <title><![CDATA[Bamboo Floring]]></title>
      <identifier><![CDATA[bamboo-floring-demo5]]></identifier>
      <type_id><![CDATA[3]]></type_id>
      <config><![CDATA[a:33:{s:15:"magicproduct_id";s:2:"30";s:5:"title";s:14:"Bamboo Floring";s:4:"ajax";s:1:"1";s:5:"types";a:3:{i:0;s:8:"featured";i:1;s:6:"latest";i:2;s:6:"random";}s:9:"activated";s:8:"featured";s:5:"limit";s:1:"6";s:6:"status";s:1:"1";s:10:"parameters";a:1:{s:10:"conditions";a:1:{i:1;a:4:{s:4:"type";s:50:"Magento\CatalogWidget\Model\Rule\Condition\Combine";s:10:"aggregator";s:3:"all";s:5:"value";s:1:"1";s:9:"new_child";s:0:"";}}}s:11:"category_id";s:2:"19";s:6:"mobile";s:1:"1";s:8:"portrait";s:1:"1";s:9:"landscape";s:1:"2";s:6:"tablet";s:1:"2";s:8:"notebook";s:1:"2";s:6:"laptop";s:1:"2";s:7:"desktop";s:1:"2";s:10:"widescreen";s:1:"3";s:7:"visible";s:1:"3";s:5:"timer";s:1:"0";s:5:"slide";s:1:"1";s:8:"vertical";s:5:"false";s:8:"infinite";s:4:"true";s:8:"autoplay";s:4:"true";s:6:"arrows";s:5:"false";s:4:"dots";s:4:"true";s:4:"rows";s:1:"2";s:5:"speed";s:3:"300";s:14:"autoplay-Speed";s:4:"3000";s:7:"padding";s:2:"15";s:4:"cart";s:1:"1";s:7:"compare";s:1:"1";s:8:"wishlist";s:1:"1";s:6:"review";s:1:"1";}]]></config>
      <status><![CDATA[1]]></status>
    </item>
    <item>
      <title><![CDATA[Hardwood Flooring]]></title>
      <identifier><![CDATA[hardwood-flooring-demo5]]></identifier>
      <type_id><![CDATA[3]]></type_id>
      <config><![CDATA[a:33:{s:15:"magicproduct_id";s:2:"31";s:5:"title";s:17:"Hardwood Flooring";s:4:"ajax";s:1:"1";s:5:"types";a:3:{i:0;s:6:"latest";i:1;s:3:"new";i:2;s:4:"sale";}s:9:"activated";s:6:"latest";s:5:"limit";s:2:"10";s:6:"status";s:1:"1";s:10:"parameters";a:1:{s:10:"conditions";a:1:{i:1;a:4:{s:4:"type";s:50:"Magento\CatalogWidget\Model\Rule\Condition\Combine";s:10:"aggregator";s:3:"all";s:5:"value";s:1:"1";s:9:"new_child";s:0:"";}}}s:11:"category_id";s:3:"157";s:6:"mobile";s:1:"1";s:8:"portrait";s:1:"1";s:9:"landscape";s:1:"2";s:6:"tablet";s:1:"3";s:8:"notebook";s:1:"3";s:6:"laptop";s:1:"3";s:7:"desktop";s:1:"3";s:10:"widescreen";s:1:"4";s:7:"visible";s:1:"4";s:5:"timer";s:1:"0";s:5:"slide";s:1:"1";s:8:"vertical";s:5:"false";s:8:"infinite";s:4:"true";s:8:"autoplay";s:4:"true";s:6:"arrows";s:4:"true";s:4:"dots";s:5:"false";s:4:"rows";s:1:"1";s:5:"speed";s:3:"400";s:14:"autoplay-Speed";s:4:"6000";s:7:"padding";s:2:"15";s:4:"cart";s:1:"1";s:7:"compare";s:1:"1";s:8:"wishlist";s:1:"1";s:6:"review";s:1:"1";}]]></config>
      <status><![CDATA[1]]></status>
    </item>
    <item>
      <title><![CDATA[Featured Products Tab Demo5]]></title>
      <identifier><![CDATA[featured-products-tab-demo5]]></identifier>
      <type_id><![CDATA[1]]></type_id>
      <config><![CDATA[a:34:{s:8:"form_key";s:16:"RVdTMXM7dU4ENSCM";s:15:"magicproduct_id";s:2:"32";s:9:"countdown";s:0:"";s:5:"title";s:27:"Featured Products Tab Demo5";s:4:"ajax";s:1:"1";s:5:"types";a:3:{i:0;s:8:"featured";i:1;s:3:"new";i:2;s:4:"sale";}s:9:"activated";s:8:"featured";s:5:"limit";s:2:"10";s:6:"status";s:1:"1";s:10:"parameters";a:1:{s:10:"conditions";a:2:{i:1;a:4:{s:4:"type";s:50:"Magento\CatalogWidget\Model\Rule\Condition\Combine";s:10:"aggregator";s:3:"all";s:5:"value";s:1:"1";s:9:"new_child";s:0:"";}s:4:"1--1";a:4:{s:4:"type";s:50:"Magento\CatalogWidget\Model\Rule\Condition\Product";s:9:"attribute";s:16:"attribute_set_id";s:8:"operator";s:2:"==";s:5:"value";s:1:"9";}}}s:6:"mobile";s:1:"1";s:8:"portrait";s:1:"1";s:9:"landscape";s:1:"2";s:6:"tablet";s:1:"3";s:8:"notebook";s:1:"3";s:6:"laptop";s:1:"3";s:7:"desktop";s:1:"3";s:10:"widescreen";s:1:"4";s:7:"visible";s:1:"4";s:5:"timer";s:1:"0";s:5:"slide";s:1:"1";s:8:"vertical";s:5:"false";s:8:"infinite";s:4:"true";s:8:"autoplay";s:4:"true";s:6:"arrows";s:4:"true";s:4:"dots";s:5:"false";s:4:"rows";s:1:"1";s:5:"speed";s:3:"300";s:14:"autoplay-Speed";s:4:"3000";s:7:"padding";s:2:"15";s:4:"cart";s:1:"1";s:7:"compare";s:1:"1";s:8:"wishlist";s:1:"1";s:6:"review";s:1:"1";}]]></config>
      <status><![CDATA[1]]></status>
    </item>
    <item>
      <title><![CDATA[Random Products Demo5]]></title>
      <identifier><![CDATA[random-products-demo5]]></identifier>
      <type_id><![CDATA[1]]></type_id>
      <config><![CDATA[a:34:{s:8:"form_key";s:16:"RVdTMXM7dU4ENSCM";s:15:"magicproduct_id";s:2:"33";s:9:"countdown";s:0:"";s:5:"title";s:21:"Random Products Demo5";s:4:"ajax";s:1:"1";s:5:"types";a:1:{i:0;s:6:"random";}s:9:"activated";s:6:"random";s:5:"limit";s:2:"10";s:6:"status";s:1:"1";s:10:"parameters";a:1:{s:10:"conditions";a:2:{i:1;a:4:{s:4:"type";s:50:"Magento\CatalogWidget\Model\Rule\Condition\Combine";s:10:"aggregator";s:3:"all";s:5:"value";s:1:"1";s:9:"new_child";s:0:"";}s:4:"1--1";a:4:{s:4:"type";s:50:"Magento\CatalogWidget\Model\Rule\Condition\Product";s:9:"attribute";s:16:"attribute_set_id";s:8:"operator";s:2:"==";s:5:"value";s:1:"9";}}}s:6:"mobile";s:1:"1";s:8:"portrait";s:1:"1";s:9:"landscape";s:1:"2";s:6:"tablet";s:1:"3";s:8:"notebook";s:1:"3";s:6:"laptop";s:1:"3";s:7:"desktop";s:1:"4";s:10:"widescreen";s:1:"5";s:7:"visible";s:1:"5";s:5:"timer";s:1:"0";s:5:"slide";s:1:"1";s:8:"vertical";s:5:"false";s:8:"infinite";s:4:"true";s:8:"autoplay";s:4:"true";s:6:"arrows";s:4:"true";s:4:"dots";s:5:"false";s:4:"rows";s:1:"1";s:5:"speed";s:3:"300";s:14:"autoplay-Speed";s:4:"3000";s:7:"padding";s:2:"15";s:4:"cart";s:1:"1";s:7:"compare";s:1:"1";s:8:"wishlist";s:1:"1";s:6:"review";s:1:"1";}]]></config>
      <status><![CDATA[1]]></status>
    </item>
    <item>
      <title><![CDATA[Bicycle & Accessories]]></title>
      <identifier><![CDATA[bicycle-accessories-demo6]]></identifier>
      <type_id><![CDATA[2]]></type_id>
      <config><![CDATA[a:33:{s:9:"countdown";s:0:"";s:5:"title";s:21:"Bicycle & Accessories";s:4:"ajax";s:1:"1";s:5:"types";s:6:"latest";s:5:"limit";s:1:"6";s:6:"status";s:1:"1";s:10:"parameters";a:1:{s:10:"conditions";a:1:{i:1;a:4:{s:4:"type";s:50:"Magento\CatalogWidget\Model\Rule\Condition\Combine";s:10:"aggregator";s:3:"all";s:5:"value";s:1:"1";s:9:"new_child";s:0:"";}}}s:12:"category_ids";a:1:{i:0;s:3:"160";}s:9:"activated";s:3:"160";s:6:"mobile";s:1:"1";s:8:"portrait";s:1:"1";s:9:"landscape";s:1:"2";s:6:"tablet";s:1:"3";s:8:"notebook";s:1:"3";s:6:"laptop";s:1:"3";s:7:"desktop";s:1:"3";s:10:"widescreen";s:1:"3";s:7:"visible";s:1:"3";s:5:"timer";s:1:"0";s:5:"slide";s:1:"1";s:8:"vertical";s:5:"false";s:8:"infinite";s:4:"true";s:8:"autoplay";s:4:"true";s:6:"arrows";s:5:"false";s:4:"dots";s:4:"true";s:4:"rows";s:1:"2";s:5:"speed";s:3:"300";s:14:"autoplay-Speed";s:4:"3000";s:7:"padding";s:2:"15";s:4:"cart";s:1:"1";s:7:"compare";s:1:"1";s:8:"wishlist";s:1:"1";s:6:"review";s:1:"1";}]]></config>
      <status><![CDATA[1]]></status>
    </item>
    <item>
      <title><![CDATA[New arrivals]]></title>
      <identifier><![CDATA[new-arrivals-demo6]]></identifier>
      <type_id><![CDATA[2]]></type_id>
      <config><![CDATA[a:33:{s:9:"countdown";s:0:"";s:5:"title";s:12:"New arrivals";s:4:"ajax";s:1:"1";s:5:"types";s:6:"random";s:5:"limit";s:2:"12";s:6:"status";s:1:"1";s:10:"parameters";a:1:{s:10:"conditions";a:1:{i:1;a:4:{s:4:"type";s:50:"Magento\CatalogWidget\Model\Rule\Condition\Combine";s:10:"aggregator";s:3:"all";s:5:"value";s:1:"1";s:9:"new_child";s:0:"";}}}s:12:"category_ids";a:3:{i:0;s:3:"162";i:1;s:3:"163";i:2;s:3:"161";}s:9:"activated";s:3:"162";s:6:"mobile";s:1:"1";s:8:"portrait";s:1:"1";s:9:"landscape";s:1:"2";s:6:"tablet";s:1:"3";s:8:"notebook";s:1:"3";s:6:"laptop";s:1:"4";s:7:"desktop";s:1:"4";s:10:"widescreen";s:1:"5";s:7:"visible";s:1:"5";s:5:"timer";s:1:"0";s:5:"slide";s:1:"1";s:8:"vertical";s:5:"false";s:8:"infinite";s:4:"true";s:8:"autoplay";s:4:"true";s:6:"arrows";s:4:"true";s:4:"dots";s:5:"false";s:4:"rows";s:1:"1";s:5:"speed";s:3:"400";s:14:"autoplay-Speed";s:4:"6000";s:7:"padding";s:2:"15";s:4:"cart";s:1:"1";s:7:"compare";s:1:"1";s:8:"wishlist";s:1:"1";s:6:"review";s:1:"1";}]]></config>
      <status><![CDATA[1]]></status>
    </item>
    <item>
      <title><![CDATA[Deals of the weeks]]></title>
      <identifier><![CDATA[deals-of-the-weeks-demo6]]></identifier>
      <type_id><![CDATA[1]]></type_id>
      <config><![CDATA[a:34:{s:8:"form_key";s:16:"djeWmjIiSMrHyugm";s:15:"magicproduct_id";s:2:"36";s:9:"countdown";s:16:"12/1/22 10:20 AM";s:5:"title";s:18:"Deals of the weeks";s:4:"ajax";s:1:"1";s:5:"types";a:1:{i:0;s:4:"sale";}s:9:"activated";s:4:"sale";s:5:"limit";s:1:"3";s:6:"status";s:1:"1";s:10:"parameters";a:1:{s:10:"conditions";a:2:{i:1;a:4:{s:4:"type";s:50:"Magento\CatalogWidget\Model\Rule\Condition\Combine";s:10:"aggregator";s:3:"all";s:5:"value";s:1:"1";s:9:"new_child";s:0:"";}s:4:"1--1";a:4:{s:4:"type";s:50:"Magento\CatalogWidget\Model\Rule\Condition\Product";s:9:"attribute";s:16:"attribute_set_id";s:8:"operator";s:2:"==";s:5:"value";s:2:"11";}}}s:6:"mobile";s:1:"1";s:8:"portrait";s:1:"1";s:9:"landscape";s:1:"1";s:6:"tablet";s:1:"1";s:8:"notebook";s:1:"1";s:6:"laptop";s:1:"2";s:7:"desktop";s:1:"2";s:10:"widescreen";s:1:"3";s:7:"visible";s:1:"3";s:5:"timer";s:1:"0";s:5:"slide";s:1:"1";s:8:"vertical";s:5:"false";s:8:"infinite";s:4:"true";s:8:"autoplay";s:4:"true";s:6:"arrows";s:5:"false";s:4:"dots";s:4:"true";s:4:"rows";s:1:"1";s:5:"speed";s:3:"400";s:14:"autoplay-Speed";s:4:"6000";s:7:"padding";s:2:"15";s:4:"cart";s:1:"1";s:7:"compare";s:1:"1";s:8:"wishlist";s:1:"1";s:6:"review";s:1:"1";}]]></config>
      <status><![CDATA[1]]></status>
    </item>
    <item>
      <title><![CDATA[Kitchen Appliances]]></title>
      <identifier><![CDATA[kitchen-appliances-demo7]]></identifier>
      <type_id><![CDATA[3]]></type_id>
      <config><![CDATA[a:33:{s:15:"magicproduct_id";s:2:"37";s:5:"title";s:18:"Kitchen Appliances";s:4:"ajax";s:1:"1";s:5:"types";a:3:{i:0;s:6:"latest";i:1;s:3:"new";i:2;s:6:"random";}s:9:"activated";s:6:"latest";s:5:"limit";s:1:"8";s:6:"status";s:1:"1";s:10:"parameters";a:1:{s:10:"conditions";a:1:{i:1;a:4:{s:4:"type";s:50:"Magento\CatalogWidget\Model\Rule\Condition\Combine";s:10:"aggregator";s:3:"all";s:5:"value";s:1:"1";s:9:"new_child";s:0:"";}}}s:11:"category_id";s:3:"165";s:6:"mobile";s:1:"1";s:8:"portrait";s:1:"1";s:9:"landscape";s:1:"2";s:6:"tablet";s:1:"3";s:8:"notebook";s:1:"3";s:6:"laptop";s:1:"3";s:7:"desktop";s:1:"3";s:10:"widescreen";s:1:"4";s:7:"visible";s:1:"4";s:5:"timer";s:1:"0";s:5:"slide";s:1:"1";s:8:"vertical";s:5:"false";s:8:"infinite";s:4:"true";s:8:"autoplay";s:4:"true";s:6:"arrows";s:5:"false";s:4:"dots";s:4:"true";s:4:"rows";s:1:"2";s:5:"speed";s:3:"300";s:14:"autoplay-Speed";s:4:"3000";s:7:"padding";s:2:"15";s:4:"cart";s:1:"1";s:7:"compare";s:1:"1";s:8:"wishlist";s:1:"1";s:6:"review";s:1:"1";}]]></config>
      <status><![CDATA[1]]></status>
    </item>
    <item>
      <title><![CDATA[ceiling fans & accessories]]></title>
      <identifier><![CDATA[ceiling-fans-accessories-demo7]]></identifier>
      <type_id><![CDATA[3]]></type_id>
      <config><![CDATA[a:35:{s:15:"magicproduct_id";s:2:"38";s:5:"title";s:26:"ceiling fans & accessories";s:4:"ajax";s:1:"1";s:5:"types";a:3:{i:0;s:8:"featured";i:1;s:3:"new";i:2;s:4:"sale";}s:9:"activated";s:8:"featured";s:5:"limit";s:1:"4";s:6:"status";s:1:"1";s:10:"parameters";a:1:{s:10:"conditions";a:1:{i:1;a:4:{s:4:"type";s:50:"Magento\CatalogWidget\Model\Rule\Condition\Combine";s:10:"aggregator";s:3:"all";s:5:"value";s:1:"1";s:9:"new_child";s:0:"";}}}s:11:"category_id";s:3:"166";s:12:"category_ids";a:1:{i:0;s:3:"168";}s:6:"mobile";s:1:"1";s:8:"portrait";s:1:"1";s:9:"landscape";s:1:"2";s:6:"tablet";s:1:"2";s:8:"notebook";s:1:"2";s:6:"laptop";s:1:"3";s:7:"desktop";s:1:"3";s:10:"widescreen";s:1:"4";s:7:"visible";s:1:"4";s:5:"timer";s:1:"0";s:5:"slide";s:1:"1";s:8:"vertical";s:5:"false";s:8:"infinite";s:4:"true";s:8:"autoplay";s:4:"true";s:6:"arrows";s:5:"false";s:4:"dots";s:4:"true";s:4:"rows";s:1:"1";s:5:"speed";s:3:"300";s:14:"autoplay-Speed";s:4:"3000";s:7:"padding";s:2:"15";s:4:"cart";s:1:"1";s:7:"compare";s:1:"1";s:8:"wishlist";s:1:"1";s:6:"review";s:1:"1";s:13:"media_gallery";a:1:{s:6:"images";a:1:{s:11:"gb80202uq8f";a:15:{s:8:"position";s:1:"2";s:10:"media_type";s:5:"image";s:14:"video_provider";s:0:"";s:4:"file";s:23:"/b/a/banner-product.jpg";s:8:"value_id";s:0:"";s:5:"label";s:0:"";s:4:"link";s:0:"";s:7:"caption";s:0:"";s:8:"disabled";s:1:"0";s:7:"removed";s:0:"";s:9:"video_url";s:0:"";s:11:"video_title";s:0:"";s:17:"video_description";s:0:"";s:14:"video_metadata";s:0:"";s:4:"role";s:0:"";}}}}]]></config>
      <status><![CDATA[1]]></status>
    </item>
    <item>
      <title><![CDATA[Vacuums & Floor Care]]></title>
      <identifier><![CDATA[vacuums-floor-care-demo7]]></identifier>
      <type_id><![CDATA[3]]></type_id>
      <config><![CDATA[a:35:{s:15:"magicproduct_id";s:2:"39";s:5:"title";s:20:"Vacuums & Floor Care";s:4:"ajax";s:1:"1";s:5:"types";a:3:{i:0;s:3:"new";i:1;s:6:"random";i:2;s:4:"sale";}s:9:"activated";s:3:"new";s:5:"limit";s:1:"8";s:6:"status";s:1:"1";s:10:"parameters";a:1:{s:10:"conditions";a:1:{i:1;a:4:{s:4:"type";s:50:"Magento\CatalogWidget\Model\Rule\Condition\Combine";s:10:"aggregator";s:3:"all";s:5:"value";s:1:"1";s:9:"new_child";s:0:"";}}}s:11:"category_id";s:3:"167";s:12:"category_ids";a:1:{i:0;s:3:"165";}s:6:"mobile";s:1:"1";s:8:"portrait";s:1:"1";s:9:"landscape";s:1:"2";s:6:"tablet";s:1:"2";s:8:"notebook";s:1:"2";s:6:"laptop";s:1:"3";s:7:"desktop";s:1:"3";s:10:"widescreen";s:1:"4";s:7:"visible";s:1:"4";s:5:"timer";s:1:"0";s:5:"slide";s:1:"1";s:8:"vertical";s:5:"false";s:8:"infinite";s:4:"true";s:8:"autoplay";s:4:"true";s:6:"arrows";s:4:"true";s:4:"dots";s:5:"false";s:4:"rows";s:1:"1";s:5:"speed";s:3:"400";s:14:"autoplay-Speed";s:4:"6000";s:7:"padding";s:2:"15";s:4:"cart";s:1:"1";s:7:"compare";s:1:"1";s:8:"wishlist";s:1:"1";s:6:"review";s:1:"1";s:13:"media_gallery";a:1:{s:6:"images";a:1:{s:11:"8j98cmds7v3";a:15:{s:8:"position";s:1:"2";s:10:"media_type";s:5:"image";s:14:"video_provider";s:0:"";s:4:"file";s:26:"/b/a/banner-product2_1.jpg";s:8:"value_id";s:0:"";s:5:"label";s:0:"";s:4:"link";s:0:"";s:7:"caption";s:0:"";s:8:"disabled";s:1:"0";s:7:"removed";s:0:"";s:9:"video_url";s:0:"";s:11:"video_title";s:0:"";s:17:"video_description";s:0:"";s:14:"video_metadata";s:0:"";s:4:"role";s:0:"";}}}}]]></config>
      <status><![CDATA[1]]></status>
    </item>
    <item>
      <title><![CDATA[Deals Of The Days]]></title>
      <identifier><![CDATA[countdown-products-demo8]]></identifier>
      <type_id><![CDATA[1]]></type_id>
      <config><![CDATA[a:34:{s:8:"form_key";s:16:"RVdTMXM7dU4ENSCM";s:15:"magicproduct_id";s:2:"40";s:9:"countdown";s:15:"12/6/23 2:14 AM";s:5:"title";s:17:"Deals Of The Days";s:4:"ajax";s:1:"1";s:5:"types";a:1:{i:0;s:4:"sale";}s:9:"activated";s:4:"sale";s:5:"limit";s:2:"10";s:6:"status";s:1:"1";s:10:"parameters";a:1:{s:10:"conditions";a:1:{i:1;a:4:{s:4:"type";s:50:"Magento\CatalogWidget\Model\Rule\Condition\Combine";s:10:"aggregator";s:3:"all";s:5:"value";s:1:"1";s:9:"new_child";s:0:"";}}}s:6:"mobile";s:1:"1";s:8:"portrait";s:1:"1";s:9:"landscape";s:1:"2";s:6:"tablet";s:1:"3";s:8:"notebook";s:1:"3";s:6:"laptop";s:1:"4";s:7:"desktop";s:1:"5";s:10:"widescreen";s:1:"5";s:7:"visible";s:1:"5";s:5:"timer";s:1:"0";s:5:"slide";s:1:"1";s:8:"vertical";s:5:"false";s:8:"infinite";s:4:"true";s:8:"autoplay";s:5:"false";s:6:"arrows";s:4:"true";s:4:"dots";s:5:"false";s:4:"rows";s:1:"1";s:5:"speed";s:3:"400";s:14:"autoplay-Speed";s:4:"6000";s:7:"padding";s:2:"15";s:4:"cart";s:1:"1";s:7:"compare";s:1:"1";s:8:"wishlist";s:1:"1";s:6:"review";s:1:"1";}]]></config>
      <status><![CDATA[1]]></status>
    </item>
    <item>
      <title><![CDATA[Featured Products Demo8]]></title>
      <identifier><![CDATA[feature-products-demo8]]></identifier>
      <type_id><![CDATA[1]]></type_id>
      <config><![CDATA[a:34:{s:8:"form_key";s:16:"RVdTMXM7dU4ENSCM";s:15:"magicproduct_id";s:2:"41";s:9:"countdown";s:0:"";s:5:"title";s:23:"Featured Products Demo8";s:4:"ajax";s:1:"1";s:5:"types";a:1:{i:0;s:8:"featured";}s:9:"activated";s:8:"featured";s:5:"limit";s:2:"10";s:6:"status";s:1:"1";s:10:"parameters";a:1:{s:10:"conditions";a:1:{i:1;a:4:{s:4:"type";s:50:"Magento\CatalogWidget\Model\Rule\Condition\Combine";s:10:"aggregator";s:3:"all";s:5:"value";s:1:"1";s:9:"new_child";s:0:"";}}}s:6:"mobile";s:1:"1";s:8:"portrait";s:1:"1";s:9:"landscape";s:1:"2";s:6:"tablet";s:1:"3";s:8:"notebook";s:1:"3";s:6:"laptop";s:1:"4";s:7:"desktop";s:1:"5";s:10:"widescreen";s:1:"5";s:7:"visible";s:1:"5";s:5:"timer";s:1:"0";s:5:"slide";s:1:"1";s:8:"vertical";s:5:"false";s:8:"infinite";s:4:"true";s:8:"autoplay";s:5:"false";s:6:"arrows";s:4:"true";s:4:"dots";s:5:"false";s:4:"rows";s:1:"1";s:5:"speed";s:3:"500";s:14:"autoplay-Speed";s:4:"6000";s:7:"padding";s:2:"15";s:4:"cart";s:1:"1";s:7:"compare";s:1:"1";s:8:"wishlist";s:1:"1";s:6:"review";s:1:"1";}]]></config>
      <status><![CDATA[1]]></status>
    </item>
    <item>
      <title><![CDATA[Computers & Laptops]]></title>
      <identifier><![CDATA[computers-laptops-demo8]]></identifier>
      <type_id><![CDATA[3]]></type_id>
      <config><![CDATA[a:34:{s:15:"magicproduct_id";s:2:"42";s:5:"title";s:19:"Computers & Laptops";s:4:"ajax";s:1:"1";s:5:"types";a:3:{i:0;s:8:"featured";i:1;s:6:"latest";i:2;s:6:"random";}s:9:"activated";s:6:"latest";s:5:"limit";s:2:"10";s:6:"status";s:1:"1";s:10:"parameters";a:1:{s:10:"conditions";a:1:{i:1;a:4:{s:4:"type";s:50:"Magento\CatalogWidget\Model\Rule\Condition\Combine";s:10:"aggregator";s:3:"all";s:5:"value";s:1:"1";s:9:"new_child";s:0:"";}}}s:11:"category_id";s:1:"3";s:12:"category_ids";a:5:{i:0;s:1:"3";i:1;s:1:"4";i:2;s:1:"5";i:3;s:1:"8";i:4;s:2:"14";}s:6:"mobile";s:1:"1";s:8:"portrait";s:1:"1";s:9:"landscape";s:1:"2";s:6:"tablet";s:1:"3";s:8:"notebook";s:1:"3";s:6:"laptop";s:1:"4";s:7:"desktop";s:1:"5";s:10:"widescreen";s:1:"5";s:7:"visible";s:1:"5";s:5:"timer";s:1:"0";s:5:"slide";s:1:"1";s:8:"vertical";s:5:"false";s:8:"infinite";s:4:"true";s:8:"autoplay";s:5:"false";s:6:"arrows";s:4:"true";s:4:"dots";s:5:"false";s:4:"rows";s:1:"1";s:5:"speed";s:3:"400";s:14:"autoplay-Speed";s:4:"6000";s:7:"padding";s:2:"15";s:4:"cart";s:1:"1";s:7:"compare";s:1:"1";s:8:"wishlist";s:1:"1";s:6:"review";s:1:"1";}]]></config>
      <status><![CDATA[1]]></status>
    </item>
    <item>
      <title><![CDATA[Fashion & Accessories]]></title>
      <identifier><![CDATA[fashion-accessories-demo8]]></identifier>
      <type_id><![CDATA[3]]></type_id>
      <config><![CDATA[a:34:{s:15:"magicproduct_id";s:2:"43";s:5:"title";s:21:"Fashion & Accessories";s:4:"ajax";s:1:"1";s:5:"types";a:3:{i:0;s:8:"featured";i:1;s:6:"latest";i:2;s:4:"sale";}s:9:"activated";s:6:"latest";s:5:"limit";s:2:"10";s:6:"status";s:1:"1";s:10:"parameters";a:1:{s:10:"conditions";a:1:{i:1;a:4:{s:4:"type";s:50:"Magento\CatalogWidget\Model\Rule\Condition\Combine";s:10:"aggregator";s:3:"all";s:5:"value";s:1:"1";s:9:"new_child";s:0:"";}}}s:11:"category_id";s:3:"169";s:12:"category_ids";a:5:{i:0;s:1:"4";i:1;s:3:"169";i:2;s:3:"168";i:3;s:3:"170";i:4;s:3:"171";}s:6:"mobile";s:1:"1";s:8:"portrait";s:1:"1";s:9:"landscape";s:1:"2";s:6:"tablet";s:1:"3";s:8:"notebook";s:1:"3";s:6:"laptop";s:1:"4";s:7:"desktop";s:1:"5";s:10:"widescreen";s:1:"5";s:7:"visible";s:1:"5";s:5:"timer";s:1:"0";s:5:"slide";s:1:"1";s:8:"vertical";s:5:"false";s:8:"infinite";s:4:"true";s:8:"autoplay";s:5:"false";s:6:"arrows";s:4:"true";s:4:"dots";s:5:"false";s:4:"rows";s:1:"1";s:5:"speed";s:3:"500";s:14:"autoplay-Speed";s:4:"7000";s:7:"padding";s:2:"15";s:4:"cart";s:1:"1";s:7:"compare";s:1:"1";s:8:"wishlist";s:1:"1";s:6:"review";s:1:"1";}]]></config>
      <status><![CDATA[1]]></status>
    </item>
    <item>
      <title><![CDATA[Bedroom Furniture]]></title>
      <identifier><![CDATA[bedroom-furniture-demo8]]></identifier>
      <type_id><![CDATA[3]]></type_id>
      <config><![CDATA[a:34:{s:15:"magicproduct_id";s:2:"44";s:5:"title";s:17:"Bedroom Furniture";s:4:"ajax";s:1:"1";s:5:"types";a:3:{i:0;s:8:"featured";i:1;s:6:"latest";i:2;s:6:"random";}s:9:"activated";s:8:"featured";s:5:"limit";s:2:"10";s:6:"status";s:1:"1";s:10:"parameters";a:1:{s:10:"conditions";a:1:{i:1;a:4:{s:4:"type";s:50:"Magento\CatalogWidget\Model\Rule\Condition\Combine";s:10:"aggregator";s:3:"all";s:5:"value";s:1:"1";s:9:"new_child";s:0:"";}}}s:11:"category_id";s:3:"108";s:12:"category_ids";a:5:{i:0;s:3:"108";i:1;s:3:"117";i:2;s:3:"118";i:3;s:3:"124";i:4;s:3:"126";}s:6:"mobile";s:1:"1";s:8:"portrait";s:1:"1";s:9:"landscape";s:1:"2";s:6:"tablet";s:1:"3";s:8:"notebook";s:1:"3";s:6:"laptop";s:1:"4";s:7:"desktop";s:1:"5";s:10:"widescreen";s:1:"5";s:7:"visible";s:1:"5";s:5:"timer";s:1:"0";s:5:"slide";s:1:"1";s:8:"vertical";s:5:"false";s:8:"infinite";s:4:"true";s:8:"autoplay";s:5:"false";s:6:"arrows";s:4:"true";s:4:"dots";s:5:"false";s:4:"rows";s:1:"1";s:5:"speed";s:3:"300";s:14:"autoplay-Speed";s:4:"3000";s:7:"padding";s:2:"15";s:4:"cart";s:1:"1";s:7:"compare";s:1:"1";s:8:"wishlist";s:1:"1";s:6:"review";s:1:"1";}]]></config>
      <status><![CDATA[1]]></status>
    </item>
    <item>
      <title><![CDATA[Organics & Spa]]></title>
      <identifier><![CDATA[organics-spa-demo8]]></identifier>
      <type_id><![CDATA[2]]></type_id>
      <config><![CDATA[a:34:{s:9:"countdown";s:0:"";s:5:"title";s:14:"Organics & Spa";s:5:"image";s:44:"magiccart/magicproduct/category//s/p/spa.jpg";s:4:"ajax";s:1:"1";s:5:"types";s:8:"featured";s:5:"limit";s:2:"10";s:6:"status";s:1:"1";s:10:"parameters";a:1:{s:10:"conditions";a:1:{i:1;a:4:{s:4:"type";s:50:"Magento\CatalogWidget\Model\Rule\Condition\Combine";s:10:"aggregator";s:3:"all";s:5:"value";s:1:"1";s:9:"new_child";s:0:"";}}}s:12:"category_ids";a:4:{i:0;s:1:"4";i:1;s:3:"168";i:2;s:3:"170";i:3;s:3:"171";}s:9:"activated";s:3:"168";s:6:"mobile";s:1:"1";s:8:"portrait";s:1:"1";s:9:"landscape";s:1:"1";s:6:"tablet";s:1:"1";s:8:"notebook";s:1:"1";s:6:"laptop";s:1:"1";s:7:"desktop";s:1:"1";s:10:"widescreen";s:1:"1";s:7:"visible";s:1:"1";s:5:"timer";s:1:"0";s:5:"slide";s:1:"1";s:8:"vertical";s:5:"false";s:8:"infinite";s:4:"true";s:8:"autoplay";s:5:"false";s:6:"arrows";s:4:"true";s:4:"dots";s:5:"false";s:4:"rows";s:1:"1";s:5:"speed";s:3:"300";s:14:"autoplay-Speed";s:4:"3000";s:7:"padding";s:2:"15";s:4:"cart";s:1:"1";s:7:"compare";s:1:"1";s:8:"wishlist";s:1:"1";s:6:"review";s:1:"1";}]]></config>
      <status><![CDATA[1]]></status>
    </item>
    <item>
      <title><![CDATA[Tool & Equipment]]></title>
      <identifier><![CDATA[tool-equipment-demo8]]></identifier>
      <type_id><![CDATA[2]]></type_id>
      <config><![CDATA[a:34:{s:9:"countdown";s:0:"";s:5:"title";s:16:"Tool & Equipment";s:5:"image";s:46:"magiccart/magicproduct/category//t/o/tools.jpg";s:4:"ajax";s:1:"1";s:5:"types";s:8:"featured";s:5:"limit";s:1:"3";s:6:"status";s:1:"1";s:10:"parameters";a:1:{s:10:"conditions";a:1:{i:1;a:4:{s:4:"type";s:50:"Magento\CatalogWidget\Model\Rule\Condition\Combine";s:10:"aggregator";s:3:"all";s:5:"value";s:1:"1";s:9:"new_child";s:0:"";}}}s:12:"category_ids";a:4:{i:0;s:1:"4";i:1;s:2:"16";i:2;s:3:"162";i:3;s:2:"19";}s:9:"activated";s:2:"19";s:6:"mobile";s:1:"1";s:8:"portrait";s:1:"1";s:9:"landscape";s:1:"1";s:6:"tablet";s:1:"1";s:8:"notebook";s:1:"1";s:6:"laptop";s:1:"1";s:7:"desktop";s:1:"1";s:10:"widescreen";s:1:"1";s:7:"visible";s:1:"1";s:5:"timer";s:1:"0";s:5:"slide";s:1:"1";s:8:"vertical";s:5:"false";s:8:"infinite";s:4:"true";s:8:"autoplay";s:5:"false";s:6:"arrows";s:4:"true";s:4:"dots";s:5:"false";s:4:"rows";s:1:"1";s:5:"speed";s:3:"300";s:14:"autoplay-Speed";s:4:"3000";s:7:"padding";s:2:"15";s:4:"cart";s:1:"1";s:7:"compare";s:1:"1";s:8:"wishlist";s:1:"1";s:6:"review";s:1:"1";}]]></config>
      <status><![CDATA[1]]></status>
    </item>
    <item>
      <title><![CDATA[Kitchen Appliances]]></title>
      <identifier><![CDATA[kitchen-appliances-demo8]]></identifier>
      <type_id><![CDATA[2]]></type_id>
      <config><![CDATA[a:34:{s:9:"countdown";s:0:"";s:5:"title";s:18:"Kitchen Appliances";s:5:"image";s:50:"magiccart/magicproduct/category//a/p/appliance.jpg";s:4:"ajax";s:1:"1";s:5:"types";s:6:"latest";s:5:"limit";s:1:"3";s:6:"status";s:1:"1";s:10:"parameters";a:1:{s:10:"conditions";a:1:{i:1;a:4:{s:4:"type";s:50:"Magento\CatalogWidget\Model\Rule\Condition\Combine";s:10:"aggregator";s:3:"all";s:5:"value";s:1:"1";s:9:"new_child";s:0:"";}}}s:12:"category_ids";a:4:{i:0;s:2:"12";i:1;s:2:"13";i:2;s:2:"14";i:3;s:3:"165";}s:9:"activated";s:3:"165";s:6:"mobile";s:1:"1";s:8:"portrait";s:1:"1";s:9:"landscape";s:1:"1";s:6:"tablet";s:1:"1";s:8:"notebook";s:1:"1";s:6:"laptop";s:1:"1";s:7:"desktop";s:1:"1";s:10:"widescreen";s:1:"1";s:7:"visible";s:1:"1";s:5:"timer";s:1:"0";s:5:"slide";s:1:"1";s:8:"vertical";s:5:"false";s:8:"infinite";s:4:"true";s:8:"autoplay";s:5:"false";s:6:"arrows";s:4:"true";s:4:"dots";s:5:"false";s:4:"rows";s:1:"1";s:5:"speed";s:3:"300";s:14:"autoplay-Speed";s:4:"3000";s:7:"padding";s:2:"15";s:4:"cart";s:1:"1";s:7:"compare";s:1:"1";s:8:"wishlist";s:1:"1";s:6:"review";s:1:"1";}]]></config>
      <status><![CDATA[1]]></status>
    </item>
    <item>
      <title><![CDATA[Toy Kids & Baby]]></title>
      <identifier><![CDATA[toy-kids-baby-demo8]]></identifier>
      <type_id><![CDATA[2]]></type_id>
      <config><![CDATA[a:34:{s:9:"countdown";s:0:"";s:5:"title";s:15:"Toy Kids & Baby";s:5:"image";s:45:"magiccart/magicproduct/category//k/i/kids.jpg";s:4:"ajax";s:1:"1";s:5:"types";s:6:"latest";s:5:"limit";s:1:"3";s:6:"status";s:1:"1";s:10:"parameters";a:1:{s:10:"conditions";a:1:{i:1;a:4:{s:4:"type";s:50:"Magento\CatalogWidget\Model\Rule\Condition\Combine";s:10:"aggregator";s:3:"all";s:5:"value";s:1:"1";s:9:"new_child";s:0:"";}}}s:12:"category_ids";a:4:{i:0;s:1:"4";i:1;s:2:"16";i:2;s:2:"19";i:3;s:3:"170";}s:9:"activated";s:3:"170";s:6:"mobile";s:1:"1";s:8:"portrait";s:1:"1";s:9:"landscape";s:1:"1";s:6:"tablet";s:1:"1";s:8:"notebook";s:1:"1";s:6:"laptop";s:1:"1";s:7:"desktop";s:1:"1";s:10:"widescreen";s:1:"1";s:7:"visible";s:1:"1";s:5:"timer";s:1:"0";s:5:"slide";s:1:"1";s:8:"vertical";s:5:"false";s:8:"infinite";s:4:"true";s:8:"autoplay";s:5:"false";s:6:"arrows";s:4:"true";s:4:"dots";s:5:"false";s:4:"rows";s:1:"1";s:5:"speed";s:3:"400";s:14:"autoplay-Speed";s:4:"6000";s:7:"padding";s:2:"15";s:4:"cart";s:1:"1";s:7:"compare";s:1:"1";s:8:"wishlist";s:1:"1";s:6:"review";s:1:"1";}]]></config>
      <status><![CDATA[1]]></status>
    </item>
    <item>
      <title><![CDATA[Recently Viewed]]></title>
      <identifier><![CDATA[recently-viewed]]></identifier>
      <type_id><![CDATA[1]]></type_id>
      <config><![CDATA[a:34:{s:8:"form_key";s:16:"RVdTMXM7dU4ENSCM";s:15:"magicproduct_id";s:2:"52";s:9:"countdown";s:0:"";s:5:"title";s:15:"Recently Viewed";s:4:"ajax";s:1:"1";s:5:"types";a:1:{i:0;s:10:"bestseller";}s:9:"activated";s:10:"bestseller";s:5:"limit";s:1:"6";s:6:"status";s:1:"1";s:10:"parameters";a:1:{s:10:"conditions";a:1:{i:1;a:4:{s:4:"type";s:50:"Magento\CatalogWidget\Model\Rule\Condition\Combine";s:10:"aggregator";s:3:"all";s:5:"value";s:1:"1";s:9:"new_child";s:0:"";}}}s:6:"mobile";s:1:"1";s:8:"portrait";s:1:"1";s:9:"landscape";s:1:"3";s:6:"tablet";s:1:"3";s:8:"notebook";s:1:"4";s:6:"laptop";s:1:"4";s:7:"desktop";s:1:"4";s:10:"widescreen";s:1:"4";s:7:"visible";s:1:"4";s:5:"timer";s:1:"0";s:5:"slide";s:1:"1";s:8:"vertical";s:5:"false";s:8:"infinite";s:4:"true";s:8:"autoplay";s:5:"false";s:6:"arrows";s:4:"true";s:4:"dots";s:5:"false";s:4:"rows";s:1:"1";s:5:"speed";s:3:"300";s:14:"autoplay-Speed";s:4:"3000";s:7:"padding";s:2:"15";s:4:"cart";s:1:"1";s:7:"compare";s:1:"1";s:8:"wishlist";s:1:"1";s:6:"review";s:1:"1";}]]></config>
      <status><![CDATA[1]]></status>
    </item>
    <item>
      <title><![CDATA[Daily Deals]]></title>
      <identifier><![CDATA[countdown-products-demo5]]></identifier>
      <type_id><![CDATA[1]]></type_id>
      <config><![CDATA[a:34:{s:8:"form_key";s:16:"vuiagP7OcA1nugt3";s:15:"magicproduct_id";s:2:"53";s:9:"countdown";s:0:"";s:5:"title";s:11:"Daily Deals";s:4:"ajax";s:1:"1";s:5:"types";a:1:{i:0;s:4:"sale";}s:9:"activated";s:4:"sale";s:5:"limit";s:1:"3";s:6:"status";s:1:"1";s:10:"parameters";a:1:{s:10:"conditions";a:2:{i:1;a:4:{s:4:"type";s:50:"Magento\CatalogWidget\Model\Rule\Condition\Combine";s:10:"aggregator";s:3:"all";s:5:"value";s:1:"1";s:9:"new_child";s:0:"";}s:4:"1--1";a:4:{s:4:"type";s:50:"Magento\CatalogWidget\Model\Rule\Condition\Product";s:9:"attribute";s:16:"attribute_set_id";s:8:"operator";s:2:"==";s:5:"value";s:1:"9";}}}s:6:"mobile";s:1:"1";s:8:"portrait";s:1:"1";s:9:"landscape";s:1:"1";s:6:"tablet";s:1:"1";s:8:"notebook";s:1:"1";s:6:"laptop";s:1:"1";s:7:"desktop";s:1:"1";s:10:"widescreen";s:1:"1";s:7:"visible";s:1:"1";s:5:"timer";s:1:"1";s:5:"slide";s:1:"1";s:8:"vertical";s:5:"false";s:8:"infinite";s:4:"true";s:8:"autoplay";s:5:"false";s:6:"arrows";s:4:"true";s:4:"dots";s:5:"false";s:4:"rows";s:1:"1";s:5:"speed";s:3:"400";s:14:"autoplay-Speed";s:4:"9000";s:7:"padding";s:2:"15";s:4:"cart";s:1:"1";s:7:"compare";s:1:"0";s:8:"wishlist";s:1:"0";s:6:"review";s:1:"1";}]]></config>
      <status><![CDATA[1]]></status>
    </item>
    <item>
      <title><![CDATA[Featured Products]]></title>
      <identifier><![CDATA[feature-products-demo4]]></identifier>
      <type_id><![CDATA[1]]></type_id>
      <config><![CDATA[a:34:{s:8:"form_key";s:16:"RVdTMXM7dU4ENSCM";s:15:"magicproduct_id";s:2:"54";s:9:"countdown";s:0:"";s:5:"title";s:17:"Featured Products";s:4:"ajax";s:1:"1";s:5:"types";a:1:{i:0;s:8:"featured";}s:9:"activated";s:8:"featured";s:5:"limit";s:2:"10";s:6:"status";s:1:"1";s:10:"parameters";a:1:{s:10:"conditions";a:2:{i:1;a:4:{s:4:"type";s:50:"Magento\CatalogWidget\Model\Rule\Condition\Combine";s:10:"aggregator";s:3:"all";s:5:"value";s:1:"1";s:9:"new_child";s:0:"";}s:4:"1--1";a:4:{s:4:"type";s:50:"Magento\CatalogWidget\Model\Rule\Condition\Product";s:9:"attribute";s:16:"attribute_set_id";s:8:"operator";s:2:"==";s:5:"value";s:2:"10";}}}s:6:"mobile";s:1:"1";s:8:"portrait";s:1:"1";s:9:"landscape";s:1:"2";s:6:"tablet";s:1:"3";s:8:"notebook";s:1:"3";s:6:"laptop";s:1:"4";s:7:"desktop";s:1:"4";s:10:"widescreen";s:1:"5";s:7:"visible";s:1:"5";s:5:"timer";s:1:"0";s:5:"slide";s:1:"1";s:8:"vertical";s:5:"false";s:8:"infinite";s:4:"true";s:8:"autoplay";s:4:"true";s:6:"arrows";s:4:"true";s:4:"dots";s:5:"false";s:4:"rows";s:1:"1";s:5:"speed";s:3:"400";s:14:"autoplay-Speed";s:4:"6000";s:7:"padding";s:2:"15";s:4:"cart";s:1:"1";s:7:"compare";s:1:"1";s:8:"wishlist";s:1:"1";s:6:"review";s:1:"1";}]]></config>
      <status><![CDATA[1]]></status>
    </item>
    <item>
      <title><![CDATA[Featured Products]]></title>
      <identifier><![CDATA[feature-products-demo6]]></identifier>
      <type_id><![CDATA[1]]></type_id>
      <config><![CDATA[a:34:{s:8:"form_key";s:16:"RVdTMXM7dU4ENSCM";s:15:"magicproduct_id";s:2:"55";s:9:"countdown";s:0:"";s:5:"title";s:17:"Featured Products";s:4:"ajax";s:1:"1";s:5:"types";a:1:{i:0;s:8:"featured";}s:9:"activated";s:8:"featured";s:5:"limit";s:2:"10";s:6:"status";s:1:"1";s:10:"parameters";a:1:{s:10:"conditions";a:2:{i:1;a:4:{s:4:"type";s:50:"Magento\CatalogWidget\Model\Rule\Condition\Combine";s:10:"aggregator";s:3:"all";s:5:"value";s:1:"1";s:9:"new_child";s:0:"";}s:4:"1--1";a:4:{s:4:"type";s:50:"Magento\CatalogWidget\Model\Rule\Condition\Product";s:9:"attribute";s:16:"attribute_set_id";s:8:"operator";s:2:"==";s:5:"value";s:2:"11";}}}s:6:"mobile";s:1:"1";s:8:"portrait";s:1:"1";s:9:"landscape";s:1:"2";s:6:"tablet";s:1:"3";s:8:"notebook";s:1:"3";s:6:"laptop";s:1:"4";s:7:"desktop";s:1:"4";s:10:"widescreen";s:1:"5";s:7:"visible";s:1:"5";s:5:"timer";s:1:"0";s:5:"slide";s:1:"1";s:8:"vertical";s:5:"false";s:8:"infinite";s:4:"true";s:8:"autoplay";s:4:"true";s:6:"arrows";s:4:"true";s:4:"dots";s:5:"false";s:4:"rows";s:1:"1";s:5:"speed";s:3:"400";s:14:"autoplay-Speed";s:4:"6000";s:7:"padding";s:2:"15";s:4:"cart";s:1:"1";s:7:"compare";s:1:"1";s:8:"wishlist";s:1:"1";s:6:"review";s:1:"1";}]]></config>
      <status><![CDATA[1]]></status>
    </item>
    <item>
      <title><![CDATA[Latest Products]]></title>
      <identifier><![CDATA[latest-product-demo6]]></identifier>
      <type_id><![CDATA[1]]></type_id>
      <config><![CDATA[a:34:{s:8:"form_key";s:16:"RVdTMXM7dU4ENSCM";s:15:"magicproduct_id";s:2:"56";s:9:"countdown";s:0:"";s:5:"title";s:15:"Latest Products";s:4:"ajax";s:1:"1";s:5:"types";a:1:{i:0;s:6:"latest";}s:9:"activated";s:6:"latest";s:5:"limit";s:1:"8";s:6:"status";s:1:"1";s:10:"parameters";a:1:{s:10:"conditions";a:2:{i:1;a:4:{s:4:"type";s:50:"Magento\CatalogWidget\Model\Rule\Condition\Combine";s:10:"aggregator";s:3:"all";s:5:"value";s:1:"1";s:9:"new_child";s:0:"";}s:4:"1--1";a:4:{s:4:"type";s:50:"Magento\CatalogWidget\Model\Rule\Condition\Product";s:9:"attribute";s:16:"attribute_set_id";s:8:"operator";s:2:"==";s:5:"value";s:2:"11";}}}s:6:"mobile";s:1:"1";s:8:"portrait";s:1:"1";s:9:"landscape";s:1:"2";s:6:"tablet";s:1:"3";s:8:"notebook";s:1:"3";s:6:"laptop";s:1:"3";s:7:"desktop";s:1:"3";s:10:"widescreen";s:1:"4";s:7:"visible";s:1:"4";s:5:"timer";s:1:"0";s:5:"slide";s:1:"1";s:8:"vertical";s:5:"false";s:8:"infinite";s:4:"true";s:8:"autoplay";s:4:"true";s:6:"arrows";s:5:"false";s:4:"dots";s:4:"true";s:4:"rows";s:1:"2";s:5:"speed";s:3:"300";s:14:"autoplay-Speed";s:4:"3000";s:7:"padding";s:2:"15";s:4:"cart";s:1:"1";s:7:"compare";s:1:"1";s:8:"wishlist";s:1:"1";s:6:"review";s:1:"1";}]]></config>
      <status><![CDATA[1]]></status>
    </item>
    <item>
      <title><![CDATA[Day Of The Deals]]></title>
      <identifier><![CDATA[countdown-products-demo11]]></identifier>
      <type_id><![CDATA[1]]></type_id>
      <config><![CDATA[a:34:{s:8:"form_key";s:16:"RVdTMXM7dU4ENSCM";s:15:"magicproduct_id";s:2:"57";s:9:"countdown";s:0:"";s:5:"title";s:16:"Day Of The Deals";s:4:"ajax";s:1:"1";s:5:"types";a:1:{i:0;s:4:"sale";}s:9:"activated";s:4:"sale";s:5:"limit";s:1:"8";s:6:"status";s:1:"1";s:10:"parameters";a:1:{s:10:"conditions";a:1:{i:1;a:4:{s:4:"type";s:50:"Magento\CatalogWidget\Model\Rule\Condition\Combine";s:10:"aggregator";s:3:"all";s:5:"value";s:1:"1";s:9:"new_child";s:0:"";}}}s:6:"mobile";s:1:"1";s:8:"portrait";s:1:"1";s:9:"landscape";s:1:"2";s:6:"tablet";s:1:"3";s:8:"notebook";s:1:"3";s:6:"laptop";s:1:"4";s:7:"desktop";s:1:"4";s:10:"widescreen";s:1:"5";s:7:"visible";s:1:"5";s:5:"timer";s:1:"1";s:5:"slide";s:1:"1";s:8:"vertical";s:5:"false";s:8:"infinite";s:4:"true";s:8:"autoplay";s:4:"true";s:6:"arrows";s:4:"true";s:4:"dots";s:5:"false";s:4:"rows";s:1:"1";s:5:"speed";s:3:"400";s:14:"autoplay-Speed";s:4:"6000";s:7:"padding";s:2:"15";s:4:"cart";s:1:"1";s:7:"compare";s:1:"0";s:8:"wishlist";s:1:"0";s:6:"review";s:1:"1";}]]></config>
      <status><![CDATA[1]]></status>
    </item>
    <item>
      <title><![CDATA[Featured Products tab]]></title>
      <identifier><![CDATA[featured-products-tab-demo11]]></identifier>
      <type_id><![CDATA[1]]></type_id>
      <config><![CDATA[a:34:{s:8:"form_key";s:16:"RVdTMXM7dU4ENSCM";s:15:"magicproduct_id";s:2:"58";s:9:"countdown";s:0:"";s:5:"title";s:21:"Featured Products tab";s:4:"ajax";s:1:"1";s:5:"types";a:3:{i:0;s:8:"featured";i:1;s:6:"latest";i:2;s:6:"random";}s:9:"activated";s:8:"featured";s:5:"limit";s:1:"8";s:6:"status";s:1:"1";s:10:"parameters";a:1:{s:10:"conditions";a:1:{i:1;a:4:{s:4:"type";s:50:"Magento\CatalogWidget\Model\Rule\Condition\Combine";s:10:"aggregator";s:3:"all";s:5:"value";s:1:"1";s:9:"new_child";s:0:"";}}}s:6:"mobile";s:1:"1";s:8:"portrait";s:1:"1";s:9:"landscape";s:1:"2";s:6:"tablet";s:1:"3";s:8:"notebook";s:1:"3";s:6:"laptop";s:1:"4";s:7:"desktop";s:1:"4";s:10:"widescreen";s:1:"5";s:7:"visible";s:1:"5";s:5:"timer";s:1:"0";s:5:"slide";s:1:"1";s:8:"vertical";s:5:"false";s:8:"infinite";s:4:"true";s:8:"autoplay";s:4:"true";s:6:"arrows";s:4:"true";s:4:"dots";s:5:"false";s:4:"rows";s:1:"1";s:5:"speed";s:3:"400";s:14:"autoplay-Speed";s:4:"4000";s:7:"padding";s:2:"15";s:4:"cart";s:1:"1";s:7:"compare";s:1:"1";s:8:"wishlist";s:1:"1";s:6:"review";s:1:"1";}]]></config>
      <status><![CDATA[1]]></status>
    </item>
    <item>
      <title><![CDATA[Smartphone Tablet]]></title>
      <identifier><![CDATA[smartphone-tablet-demo11]]></identifier>
      <type_id><![CDATA[2]]></type_id>
      <config><![CDATA[a:33:{s:9:"countdown";s:0:"";s:5:"title";s:17:"Smartphone Tablet";s:4:"ajax";s:1:"1";s:5:"types";s:6:"latest";s:5:"limit";s:1:"4";s:6:"status";s:1:"1";s:10:"parameters";a:1:{s:10:"conditions";a:1:{i:1;a:4:{s:4:"type";s:50:"Magento\CatalogWidget\Model\Rule\Condition\Combine";s:10:"aggregator";s:3:"all";s:5:"value";s:1:"1";s:9:"new_child";s:0:"";}}}s:12:"category_ids";a:1:{i:0;s:1:"9";}s:9:"activated";s:1:"9";s:6:"mobile";s:1:"1";s:8:"portrait";s:1:"1";s:9:"landscape";s:1:"2";s:6:"tablet";s:1:"2";s:8:"notebook";s:1:"2";s:6:"laptop";s:1:"2";s:7:"desktop";s:1:"2";s:10:"widescreen";s:1:"2";s:7:"visible";s:1:"2";s:5:"timer";s:1:"0";s:5:"slide";s:1:"1";s:8:"vertical";s:5:"false";s:8:"infinite";s:4:"true";s:8:"autoplay";s:5:"false";s:6:"arrows";s:4:"true";s:4:"dots";s:5:"false";s:4:"rows";s:1:"2";s:5:"speed";s:3:"300";s:14:"autoplay-Speed";s:4:"3000";s:7:"padding";s:2:"15";s:4:"cart";s:1:"1";s:7:"compare";s:1:"1";s:8:"wishlist";s:1:"1";s:6:"review";s:1:"1";}]]></config>
      <status><![CDATA[1]]></status>
    </item>
    <item>
      <title><![CDATA[Best Accessories]]></title>
      <identifier><![CDATA[best-accessories-demo11]]></identifier>
      <type_id><![CDATA[2]]></type_id>
      <config><![CDATA[a:33:{s:9:"countdown";s:0:"";s:5:"title";s:16:"Best Accessories";s:4:"ajax";s:1:"1";s:5:"types";s:6:"latest";s:5:"limit";s:2:"10";s:6:"status";s:1:"1";s:10:"parameters";a:1:{s:10:"conditions";a:1:{i:1;a:4:{s:4:"type";s:50:"Magento\CatalogWidget\Model\Rule\Condition\Combine";s:10:"aggregator";s:3:"all";s:5:"value";s:1:"1";s:9:"new_child";s:0:"";}}}s:12:"category_ids";a:3:{i:0;s:1:"5";i:1;s:1:"6";i:2;s:2:"12";}s:9:"activated";s:1:"5";s:6:"mobile";s:1:"1";s:8:"portrait";s:1:"1";s:9:"landscape";s:1:"2";s:6:"tablet";s:1:"3";s:8:"notebook";s:1:"3";s:6:"laptop";s:1:"4";s:7:"desktop";s:1:"5";s:10:"widescreen";s:1:"5";s:7:"visible";s:1:"5";s:5:"timer";s:1:"0";s:5:"slide";s:1:"1";s:8:"vertical";s:5:"false";s:8:"infinite";s:4:"true";s:8:"autoplay";s:5:"false";s:6:"arrows";s:4:"true";s:4:"dots";s:5:"false";s:4:"rows";s:1:"1";s:5:"speed";s:3:"400";s:14:"autoplay-Speed";s:4:"5000";s:7:"padding";s:2:"15";s:4:"cart";s:1:"1";s:7:"compare";s:1:"1";s:8:"wishlist";s:1:"1";s:6:"review";s:1:"1";}]]></config>
      <status><![CDATA[1]]></status>
    </item>
    <item>
      <title><![CDATA[Deal Special]]></title>
      <identifier><![CDATA[deal-special-demo11]]></identifier>
      <type_id><![CDATA[1]]></type_id>
      <config><![CDATA[a:34:{s:8:"form_key";s:16:"yTWIQuP8WpEEzCMP";s:15:"magicproduct_id";s:2:"61";s:9:"countdown";s:0:"";s:5:"title";s:12:"Deal Special";s:4:"ajax";s:1:"1";s:5:"types";a:1:{i:0;s:3:"new";}s:9:"activated";s:3:"new";s:5:"limit";s:1:"3";s:6:"status";s:1:"1";s:10:"parameters";a:1:{s:10:"conditions";a:1:{i:1;a:4:{s:4:"type";s:50:"Magento\CatalogWidget\Model\Rule\Condition\Combine";s:10:"aggregator";s:3:"all";s:5:"value";s:1:"1";s:9:"new_child";s:0:"";}}}s:6:"mobile";s:1:"1";s:8:"portrait";s:1:"1";s:9:"landscape";s:1:"1";s:6:"tablet";s:1:"1";s:8:"notebook";s:1:"1";s:6:"laptop";s:1:"1";s:7:"desktop";s:1:"1";s:10:"widescreen";s:1:"2";s:7:"visible";s:1:"2";s:5:"timer";s:1:"0";s:5:"slide";s:1:"1";s:8:"vertical";s:5:"false";s:8:"infinite";s:4:"true";s:8:"autoplay";s:4:"true";s:6:"arrows";s:4:"true";s:4:"dots";s:5:"false";s:4:"rows";s:1:"1";s:5:"speed";s:3:"400";s:14:"autoplay-Speed";s:4:"6000";s:7:"padding";s:2:"15";s:4:"cart";s:1:"1";s:7:"compare";s:1:"0";s:8:"wishlist";s:1:"0";s:6:"review";s:1:"1";}]]></config>
      <status><![CDATA[1]]></status>
    </item>
    <item>
      <title><![CDATA[Featured Products]]></title>
      <identifier><![CDATA[featured-products-tab-demo9]]></identifier>
      <type_id><![CDATA[1]]></type_id>
      <config><![CDATA[a:34:{s:8:"form_key";s:16:"RVdTMXM7dU4ENSCM";s:15:"magicproduct_id";s:2:"62";s:9:"countdown";s:0:"";s:5:"title";s:17:"Featured Products";s:4:"ajax";s:1:"1";s:5:"types";a:3:{i:0;s:8:"featured";i:1;s:6:"latest";i:2;s:3:"new";}s:9:"activated";s:8:"featured";s:5:"limit";s:2:"10";s:6:"status";s:1:"1";s:10:"parameters";a:1:{s:10:"conditions";a:1:{i:1;a:4:{s:4:"type";s:50:"Magento\CatalogWidget\Model\Rule\Condition\Combine";s:10:"aggregator";s:3:"all";s:5:"value";s:1:"1";s:9:"new_child";s:0:"";}}}s:6:"mobile";s:1:"1";s:8:"portrait";s:1:"1";s:9:"landscape";s:1:"2";s:6:"tablet";s:1:"3";s:8:"notebook";s:1:"3";s:6:"laptop";s:1:"4";s:7:"desktop";s:1:"4";s:10:"widescreen";s:1:"5";s:7:"visible";s:1:"5";s:5:"timer";s:1:"0";s:5:"slide";s:1:"1";s:8:"vertical";s:5:"false";s:8:"infinite";s:4:"true";s:8:"autoplay";s:4:"true";s:6:"arrows";s:4:"true";s:4:"dots";s:5:"false";s:4:"rows";s:1:"1";s:5:"speed";s:3:"400";s:14:"autoplay-Speed";s:4:"6000";s:7:"padding";s:2:"15";s:4:"cart";s:1:"1";s:7:"compare";s:1:"1";s:8:"wishlist";s:1:"1";s:6:"review";s:1:"1";}]]></config>
      <status><![CDATA[1]]></status>
    </item>
    <item>
      <title><![CDATA[Latest Product Demo9]]></title>
      <identifier><![CDATA[latest-product-demo9]]></identifier>
      <type_id><![CDATA[1]]></type_id>
      <config><![CDATA[a:34:{s:8:"form_key";s:16:"RVdTMXM7dU4ENSCM";s:15:"magicproduct_id";s:2:"63";s:9:"countdown";s:0:"";s:5:"title";s:20:"Latest Product Demo9";s:4:"ajax";s:1:"1";s:5:"types";a:1:{i:0;s:6:"latest";}s:9:"activated";s:6:"latest";s:5:"limit";s:1:"9";s:6:"status";s:1:"1";s:10:"parameters";a:1:{s:10:"conditions";a:1:{i:1;a:4:{s:4:"type";s:50:"Magento\CatalogWidget\Model\Rule\Condition\Combine";s:10:"aggregator";s:3:"all";s:5:"value";s:1:"1";s:9:"new_child";s:0:"";}}}s:6:"mobile";s:1:"1";s:8:"portrait";s:1:"1";s:9:"landscape";s:1:"2";s:6:"tablet";s:1:"2";s:8:"notebook";s:1:"2";s:6:"laptop";s:1:"2";s:7:"desktop";s:1:"2";s:10:"widescreen";s:1:"3";s:7:"visible";s:1:"3";s:5:"timer";s:1:"0";s:5:"slide";s:1:"1";s:8:"vertical";s:5:"false";s:8:"infinite";s:4:"true";s:8:"autoplay";s:5:"false";s:6:"arrows";s:4:"true";s:4:"dots";s:5:"false";s:4:"rows";s:1:"2";s:5:"speed";s:3:"400";s:14:"autoplay-Speed";s:4:"6000";s:7:"padding";s:2:"15";s:4:"cart";s:1:"1";s:7:"compare";s:1:"1";s:8:"wishlist";s:1:"1";s:6:"review";s:1:"1";}]]></config>
      <status><![CDATA[1]]></status>
    </item>
    <item>
      <title><![CDATA[Computers Laptops]]></title>
      <identifier><![CDATA[computers-laptops-demo9]]></identifier>
      <type_id><![CDATA[2]]></type_id>
      <config><![CDATA[a:33:{s:9:"countdown";s:0:"";s:5:"title";s:17:"Computers Laptops";s:4:"ajax";s:1:"1";s:5:"types";s:6:"latest";s:5:"limit";s:1:"9";s:6:"status";s:1:"1";s:10:"parameters";a:1:{s:10:"conditions";a:1:{i:1;a:4:{s:4:"type";s:50:"Magento\CatalogWidget\Model\Rule\Condition\Combine";s:10:"aggregator";s:3:"all";s:5:"value";s:1:"1";s:9:"new_child";s:0:"";}}}s:12:"category_ids";a:1:{i:0;s:1:"3";}s:9:"activated";s:1:"3";s:6:"mobile";s:1:"1";s:8:"portrait";s:1:"1";s:9:"landscape";s:1:"2";s:6:"tablet";s:1:"2";s:8:"notebook";s:1:"2";s:6:"laptop";s:1:"3";s:7:"desktop";s:1:"3";s:10:"widescreen";s:1:"4";s:7:"visible";s:1:"4";s:5:"timer";s:1:"0";s:5:"slide";s:1:"1";s:8:"vertical";s:5:"false";s:8:"infinite";s:4:"true";s:8:"autoplay";s:5:"false";s:6:"arrows";s:4:"true";s:4:"dots";s:5:"false";s:4:"rows";s:1:"1";s:5:"speed";s:3:"400";s:14:"autoplay-Speed";s:4:"6000";s:7:"padding";s:2:"15";s:4:"cart";s:1:"1";s:7:"compare";s:1:"1";s:8:"wishlist";s:1:"1";s:6:"review";s:1:"1";}]]></config>
      <status><![CDATA[1]]></status>
    </item>
    <item>
      <title><![CDATA[New products]]></title>
      <identifier><![CDATA[new-products-demo10]]></identifier>
      <type_id><![CDATA[2]]></type_id>
      <config><![CDATA[a:34:{s:9:"countdown";s:0:"";s:5:"title";s:12:"New products";s:5:"image";s:48:"magiccart/magicproduct/category//b/a/banner3.jpg";s:4:"ajax";s:1:"1";s:5:"types";s:6:"latest";s:5:"limit";s:1:"9";s:6:"status";s:1:"1";s:10:"parameters";a:1:{s:10:"conditions";a:1:{i:1;a:4:{s:4:"type";s:50:"Magento\CatalogWidget\Model\Rule\Condition\Combine";s:10:"aggregator";s:3:"all";s:5:"value";s:1:"1";s:9:"new_child";s:0:"";}}}s:12:"category_ids";a:4:{i:0;s:1:"3";i:1;s:1:"4";i:2;s:1:"5";i:3;s:1:"6";}s:9:"activated";s:1:"3";s:6:"mobile";s:1:"1";s:8:"portrait";s:1:"1";s:9:"landscape";s:1:"2";s:6:"tablet";s:1:"2";s:8:"notebook";s:1:"2";s:6:"laptop";s:1:"3";s:7:"desktop";s:1:"3";s:10:"widescreen";s:1:"4";s:7:"visible";s:1:"4";s:5:"timer";s:1:"0";s:5:"slide";s:1:"1";s:8:"vertical";s:5:"false";s:8:"infinite";s:4:"true";s:8:"autoplay";s:4:"true";s:6:"arrows";s:4:"true";s:4:"dots";s:5:"false";s:4:"rows";s:1:"1";s:5:"speed";s:3:"400";s:14:"autoplay-Speed";s:4:"6000";s:7:"padding";s:2:"15";s:4:"cart";s:1:"1";s:7:"compare";s:1:"1";s:8:"wishlist";s:1:"1";s:6:"review";s:1:"1";}]]></config>
      <status><![CDATA[1]]></status>
    </item>
    <item>
      <title><![CDATA[Daily Deals]]></title>
      <identifier><![CDATA[countdown-products-demo10]]></identifier>
      <type_id><![CDATA[1]]></type_id>
      <config><![CDATA[a:34:{s:8:"form_key";s:16:"vuiagP7OcA1nugt3";s:15:"magicproduct_id";s:2:"66";s:9:"countdown";s:0:"";s:5:"title";s:11:"Daily Deals";s:4:"ajax";s:1:"1";s:5:"types";a:1:{i:0;s:4:"sale";}s:9:"activated";s:4:"sale";s:5:"limit";s:1:"3";s:6:"status";s:1:"1";s:10:"parameters";a:1:{s:10:"conditions";a:1:{i:1;a:4:{s:4:"type";s:50:"Magento\CatalogWidget\Model\Rule\Condition\Combine";s:10:"aggregator";s:3:"all";s:5:"value";s:1:"1";s:9:"new_child";s:0:"";}}}s:6:"mobile";s:1:"1";s:8:"portrait";s:1:"1";s:9:"landscape";s:1:"1";s:6:"tablet";s:1:"1";s:8:"notebook";s:1:"1";s:6:"laptop";s:1:"1";s:7:"desktop";s:1:"1";s:10:"widescreen";s:1:"1";s:7:"visible";s:1:"1";s:5:"timer";s:1:"1";s:5:"slide";s:1:"1";s:8:"vertical";s:5:"false";s:8:"infinite";s:4:"true";s:8:"autoplay";s:5:"false";s:6:"arrows";s:4:"true";s:4:"dots";s:5:"false";s:4:"rows";s:1:"1";s:5:"speed";s:3:"500";s:14:"autoplay-Speed";s:4:"8000";s:7:"padding";s:1:"8";s:4:"cart";s:1:"1";s:7:"compare";s:1:"0";s:8:"wishlist";s:1:"0";s:6:"review";s:1:"1";}]]></config>
      <status><![CDATA[1]]></status>
    </item>
    <item>
      <title><![CDATA[Featured Products]]></title>
      <identifier><![CDATA[feature-products-demo10]]></identifier>
      <type_id><![CDATA[1]]></type_id>
      <config><![CDATA[a:34:{s:8:"form_key";s:16:"RVdTMXM7dU4ENSCM";s:15:"magicproduct_id";s:2:"67";s:9:"countdown";s:0:"";s:5:"title";s:17:"Featured Products";s:4:"ajax";s:1:"1";s:5:"types";a:1:{i:0;s:8:"featured";}s:9:"activated";s:8:"featured";s:5:"limit";s:2:"12";s:6:"status";s:1:"1";s:10:"parameters";a:1:{s:10:"conditions";a:1:{i:1;a:4:{s:4:"type";s:50:"Magento\CatalogWidget\Model\Rule\Condition\Combine";s:10:"aggregator";s:3:"all";s:5:"value";s:1:"1";s:9:"new_child";s:0:"";}}}s:6:"mobile";s:1:"1";s:8:"portrait";s:1:"1";s:9:"landscape";s:1:"2";s:6:"tablet";s:1:"3";s:8:"notebook";s:1:"3";s:6:"laptop";s:1:"4";s:7:"desktop";s:1:"4";s:10:"widescreen";s:1:"5";s:7:"visible";s:1:"5";s:5:"timer";s:1:"0";s:5:"slide";s:1:"1";s:8:"vertical";s:5:"false";s:8:"infinite";s:4:"true";s:8:"autoplay";s:5:"false";s:6:"arrows";s:4:"true";s:4:"dots";s:5:"false";s:4:"rows";s:1:"1";s:5:"speed";s:3:"400";s:14:"autoplay-Speed";s:4:"6000";s:7:"padding";s:2:"15";s:4:"cart";s:1:"1";s:7:"compare";s:1:"1";s:8:"wishlist";s:1:"1";s:6:"review";s:1:"1";}]]></config>
      <status><![CDATA[1]]></status>
    </item>
    <item>
      <title><![CDATA[Diamond Necklaces Demo9]]></title>
      <identifier><![CDATA[diamond-necklaces-demo9]]></identifier>
      <type_id><![CDATA[2]]></type_id>
      <config><![CDATA[a:33:{s:9:"countdown";s:0:"";s:5:"title";s:23:"Diamond Necklaces Demo9";s:4:"ajax";s:1:"1";s:5:"types";s:6:"latest";s:5:"limit";s:1:"9";s:6:"status";s:1:"1";s:10:"parameters";a:1:{s:10:"conditions";a:1:{i:1;a:4:{s:4:"type";s:50:"Magento\CatalogWidget\Model\Rule\Condition\Combine";s:10:"aggregator";s:3:"all";s:5:"value";s:1:"1";s:9:"new_child";s:0:"";}}}s:12:"category_ids";a:1:{i:0;s:2:"10";}s:9:"activated";s:2:"10";s:6:"mobile";s:1:"1";s:8:"portrait";s:1:"1";s:9:"landscape";s:1:"2";s:6:"tablet";s:1:"2";s:8:"notebook";s:1:"2";s:6:"laptop";s:1:"3";s:7:"desktop";s:1:"3";s:10:"widescreen";s:1:"4";s:7:"visible";s:1:"4";s:5:"timer";s:1:"0";s:5:"slide";s:1:"1";s:8:"vertical";s:5:"false";s:8:"infinite";s:4:"true";s:8:"autoplay";s:5:"false";s:6:"arrows";s:4:"true";s:4:"dots";s:5:"false";s:4:"rows";s:1:"1";s:5:"speed";s:3:"400";s:14:"autoplay-Speed";s:4:"6000";s:7:"padding";s:2:"15";s:4:"cart";s:1:"1";s:7:"compare";s:1:"1";s:8:"wishlist";s:1:"1";s:6:"review";s:1:"1";}]]></config>
      <status><![CDATA[1]]></status>
    </item>
    <item>
      <title><![CDATA[Deals Of The Day]]></title>
      <identifier><![CDATA[deals-of-the-day-demo12]]></identifier>
      <type_id><![CDATA[1]]></type_id>
      <config><![CDATA[a:34:{s:8:"form_key";s:16:"RVdTMXM7dU4ENSCM";s:15:"magicproduct_id";s:2:"69";s:9:"countdown";s:14:"1/1/22 4:22 AM";s:5:"title";s:16:"Deals Of The Day";s:4:"ajax";s:1:"1";s:5:"types";a:1:{i:0;s:4:"sale";}s:9:"activated";s:4:"sale";s:5:"limit";s:2:"10";s:6:"status";s:1:"1";s:10:"parameters";a:1:{s:10:"conditions";a:1:{i:1;a:4:{s:4:"type";s:50:"Magento\CatalogWidget\Model\Rule\Condition\Combine";s:10:"aggregator";s:3:"all";s:5:"value";s:1:"1";s:9:"new_child";s:0:"";}}}s:6:"mobile";s:1:"1";s:8:"portrait";s:1:"1";s:9:"landscape";s:1:"2";s:6:"tablet";s:1:"3";s:8:"notebook";s:1:"3";s:6:"laptop";s:1:"4";s:7:"desktop";s:1:"4";s:10:"widescreen";s:1:"5";s:7:"visible";s:1:"5";s:5:"timer";s:1:"0";s:5:"slide";s:1:"1";s:8:"vertical";s:5:"false";s:8:"infinite";s:4:"true";s:8:"autoplay";s:4:"true";s:6:"arrows";s:4:"true";s:4:"dots";s:5:"false";s:4:"rows";s:1:"1";s:5:"speed";s:3:"400";s:14:"autoplay-Speed";s:4:"7000";s:7:"padding";s:2:"15";s:4:"cart";s:1:"1";s:7:"compare";s:1:"0";s:8:"wishlist";s:1:"0";s:6:"review";s:1:"1";}]]></config>
      <status><![CDATA[1]]></status>
    </item>
    <item>
      <title><![CDATA[Featured products]]></title>
      <identifier><![CDATA[featured-products-tab-demo12]]></identifier>
      <type_id><![CDATA[1]]></type_id>
      <config><![CDATA[a:34:{s:8:"form_key";s:16:"RVdTMXM7dU4ENSCM";s:15:"magicproduct_id";s:2:"70";s:9:"countdown";s:0:"";s:5:"title";s:17:"Featured products";s:4:"ajax";s:1:"1";s:5:"types";a:3:{i:0;s:8:"featured";i:1;s:6:"latest";i:2;s:3:"new";}s:9:"activated";s:8:"featured";s:5:"limit";s:2:"10";s:6:"status";s:1:"1";s:10:"parameters";a:1:{s:10:"conditions";a:1:{i:1;a:4:{s:4:"type";s:50:"Magento\CatalogWidget\Model\Rule\Condition\Combine";s:10:"aggregator";s:3:"all";s:5:"value";s:1:"1";s:9:"new_child";s:0:"";}}}s:6:"mobile";s:1:"1";s:8:"portrait";s:1:"1";s:9:"landscape";s:1:"2";s:6:"tablet";s:1:"3";s:8:"notebook";s:1:"3";s:6:"laptop";s:1:"4";s:7:"desktop";s:1:"4";s:10:"widescreen";s:1:"5";s:7:"visible";s:1:"5";s:5:"timer";s:1:"0";s:5:"slide";s:1:"1";s:8:"vertical";s:5:"false";s:8:"infinite";s:4:"true";s:8:"autoplay";s:4:"true";s:6:"arrows";s:4:"true";s:4:"dots";s:5:"false";s:4:"rows";s:1:"1";s:5:"speed";s:3:"400";s:14:"autoplay-Speed";s:4:"8000";s:7:"padding";s:2:"15";s:4:"cart";s:1:"1";s:7:"compare";s:1:"1";s:8:"wishlist";s:1:"1";s:6:"review";s:1:"1";}]]></config>
      <status><![CDATA[1]]></status>
    </item>
    <item>
      <title><![CDATA[Laptop Computer]]></title>
      <identifier><![CDATA[laptop-computer-demo12]]></identifier>
      <type_id><![CDATA[2]]></type_id>
      <config><![CDATA[a:34:{s:9:"countdown";s:0:"";s:5:"title";s:15:"Laptop Computer";s:5:"image";s:48:"magiccart/magicproduct/category//b/a/banner4.jpg";s:4:"ajax";s:1:"1";s:5:"types";s:6:"latest";s:5:"limit";s:1:"6";s:6:"status";s:1:"1";s:10:"parameters";a:1:{s:10:"conditions";a:1:{i:1;a:4:{s:4:"type";s:50:"Magento\CatalogWidget\Model\Rule\Condition\Combine";s:10:"aggregator";s:3:"all";s:5:"value";s:1:"1";s:9:"new_child";s:0:"";}}}s:12:"category_ids";a:4:{i:0;s:2:"30";i:1;s:2:"31";i:2;s:1:"4";i:3;s:2:"14";}s:9:"activated";s:2:"14";s:6:"mobile";s:1:"1";s:8:"portrait";s:1:"1";s:9:"landscape";s:1:"2";s:6:"tablet";s:1:"2";s:8:"notebook";s:1:"2";s:6:"laptop";s:1:"3";s:7:"desktop";s:1:"3";s:10:"widescreen";s:1:"3";s:7:"visible";s:1:"3";s:5:"timer";s:1:"0";s:5:"slide";s:1:"1";s:8:"vertical";s:5:"false";s:8:"infinite";s:4:"true";s:8:"autoplay";s:5:"false";s:6:"arrows";s:4:"true";s:4:"dots";s:5:"false";s:4:"rows";s:1:"1";s:5:"speed";s:3:"400";s:14:"autoplay-Speed";s:4:"5000";s:7:"padding";s:2:"15";s:4:"cart";s:1:"1";s:7:"compare";s:1:"1";s:8:"wishlist";s:1:"1";s:6:"review";s:1:"1";}]]></config>
      <status><![CDATA[1]]></status>
    </item>
    <item>
      <title><![CDATA[Game Console]]></title>
      <identifier><![CDATA[game-console-demo12]]></identifier>
      <type_id><![CDATA[2]]></type_id>
      <config><![CDATA[a:34:{s:9:"countdown";s:0:"";s:5:"title";s:12:"Game Console";s:5:"image";s:48:"magiccart/magicproduct/category//b/a/banner5.jpg";s:4:"ajax";s:1:"1";s:5:"types";s:8:"featured";s:5:"limit";s:1:"6";s:6:"status";s:1:"1";s:10:"parameters";a:1:{s:10:"conditions";a:1:{i:1;a:4:{s:4:"type";s:50:"Magento\CatalogWidget\Model\Rule\Condition\Combine";s:10:"aggregator";s:3:"all";s:5:"value";s:1:"1";s:9:"new_child";s:0:"";}}}s:12:"category_ids";a:3:{i:0;s:1:"3";i:1;s:1:"5";i:2;s:1:"6";}s:9:"activated";s:1:"3";s:6:"mobile";s:1:"1";s:8:"portrait";s:1:"1";s:9:"landscape";s:1:"2";s:6:"tablet";s:1:"2";s:8:"notebook";s:1:"2";s:6:"laptop";s:1:"3";s:7:"desktop";s:1:"3";s:10:"widescreen";s:1:"3";s:7:"visible";s:1:"3";s:5:"timer";s:1:"0";s:5:"slide";s:1:"1";s:8:"vertical";s:5:"false";s:8:"infinite";s:4:"true";s:8:"autoplay";s:4:"true";s:6:"arrows";s:4:"true";s:4:"dots";s:5:"false";s:4:"rows";s:1:"1";s:5:"speed";s:3:"400";s:14:"autoplay-Speed";s:4:"6000";s:7:"padding";s:2:"15";s:4:"cart";s:1:"1";s:7:"compare";s:1:"1";s:8:"wishlist";s:1:"1";s:6:"review";s:1:"1";}]]></config>
      <status><![CDATA[1]]></status>
    </item>
    <item>
      <title><![CDATA[Custom Sale products demo12]]></title>
      <identifier><![CDATA[sale-products-demo12]]></identifier>
      <type_id><![CDATA[1]]></type_id>
      <config><![CDATA[a:34:{s:8:"form_key";s:16:"vuiagP7OcA1nugt3";s:15:"magicproduct_id";s:2:"73";s:9:"countdown";s:0:"";s:5:"title";s:27:"Custom Sale products demo12";s:4:"ajax";s:1:"1";s:5:"types";a:1:{i:0;s:4:"sale";}s:9:"activated";s:4:"sale";s:5:"limit";s:1:"3";s:6:"status";s:1:"1";s:10:"parameters";a:1:{s:10:"conditions";a:1:{i:1;a:4:{s:4:"type";s:50:"Magento\CatalogWidget\Model\Rule\Condition\Combine";s:10:"aggregator";s:3:"all";s:5:"value";s:1:"1";s:9:"new_child";s:0:"";}}}s:6:"mobile";s:1:"1";s:8:"portrait";s:1:"1";s:9:"landscape";s:1:"1";s:6:"tablet";s:1:"1";s:8:"notebook";s:1:"1";s:6:"laptop";s:1:"1";s:7:"desktop";s:1:"1";s:10:"widescreen";s:1:"1";s:7:"visible";s:1:"1";s:5:"timer";s:1:"0";s:5:"slide";s:1:"0";s:8:"vertical";s:5:"false";s:8:"infinite";s:4:"true";s:8:"autoplay";s:4:"true";s:6:"arrows";s:4:"true";s:4:"dots";s:5:"false";s:4:"rows";s:1:"3";s:5:"speed";s:3:"300";s:14:"autoplay-Speed";s:4:"3000";s:7:"padding";s:2:"15";s:4:"cart";s:1:"0";s:7:"compare";s:1:"0";s:8:"wishlist";s:1:"0";s:6:"review";s:1:"0";}]]></config>
      <status><![CDATA[1]]></status>
    </item>
    <item>
      <title><![CDATA[Custom New products demo12]]></title>
      <identifier><![CDATA[new-products-demo12]]></identifier>
      <type_id><![CDATA[1]]></type_id>
      <config><![CDATA[a:34:{s:8:"form_key";s:16:"vuiagP7OcA1nugt3";s:15:"magicproduct_id";s:2:"74";s:9:"countdown";s:0:"";s:5:"title";s:26:"Custom New products demo12";s:4:"ajax";s:1:"1";s:5:"types";a:1:{i:0;s:3:"new";}s:9:"activated";s:3:"new";s:5:"limit";s:1:"3";s:6:"status";s:1:"1";s:10:"parameters";a:1:{s:10:"conditions";a:1:{i:1;a:4:{s:4:"type";s:50:"Magento\CatalogWidget\Model\Rule\Condition\Combine";s:10:"aggregator";s:3:"all";s:5:"value";s:1:"1";s:9:"new_child";s:0:"";}}}s:6:"mobile";s:1:"1";s:8:"portrait";s:1:"1";s:9:"landscape";s:1:"1";s:6:"tablet";s:1:"1";s:8:"notebook";s:1:"1";s:6:"laptop";s:1:"1";s:7:"desktop";s:1:"1";s:10:"widescreen";s:1:"1";s:7:"visible";s:1:"1";s:5:"timer";s:1:"0";s:5:"slide";s:1:"0";s:8:"vertical";s:5:"false";s:8:"infinite";s:4:"true";s:8:"autoplay";s:5:"false";s:6:"arrows";s:4:"true";s:4:"dots";s:5:"false";s:4:"rows";s:1:"3";s:5:"speed";s:3:"300";s:14:"autoplay-Speed";s:4:"3000";s:7:"padding";s:2:"15";s:4:"cart";s:1:"0";s:7:"compare";s:1:"0";s:8:"wishlist";s:1:"0";s:6:"review";s:1:"0";}]]></config>
      <status><![CDATA[1]]></status>
    </item>
    <item>
      <title><![CDATA[Custom Best Seller products demo12]]></title>
      <identifier><![CDATA[bestseller-products-demo12]]></identifier>
      <type_id><![CDATA[1]]></type_id>
      <config><![CDATA[a:34:{s:8:"form_key";s:16:"vuiagP7OcA1nugt3";s:15:"magicproduct_id";s:2:"75";s:9:"countdown";s:0:"";s:5:"title";s:34:"Custom Best Seller products demo12";s:4:"ajax";s:1:"1";s:5:"types";a:1:{i:0;s:10:"bestseller";}s:9:"activated";s:10:"bestseller";s:5:"limit";s:1:"3";s:6:"status";s:1:"1";s:10:"parameters";a:1:{s:10:"conditions";a:1:{i:1;a:4:{s:4:"type";s:50:"Magento\CatalogWidget\Model\Rule\Condition\Combine";s:10:"aggregator";s:3:"all";s:5:"value";s:1:"1";s:9:"new_child";s:0:"";}}}s:6:"mobile";s:1:"1";s:8:"portrait";s:1:"1";s:9:"landscape";s:1:"1";s:6:"tablet";s:1:"1";s:8:"notebook";s:1:"1";s:6:"laptop";s:1:"1";s:7:"desktop";s:1:"1";s:10:"widescreen";s:1:"1";s:7:"visible";s:1:"1";s:5:"timer";s:1:"0";s:5:"slide";s:1:"0";s:8:"vertical";s:5:"false";s:8:"infinite";s:4:"true";s:8:"autoplay";s:5:"false";s:6:"arrows";s:4:"true";s:4:"dots";s:5:"false";s:4:"rows";s:1:"3";s:5:"speed";s:3:"300";s:14:"autoplay-Speed";s:4:"3000";s:7:"padding";s:2:"15";s:4:"cart";s:1:"0";s:7:"compare";s:1:"0";s:8:"wishlist";s:1:"0";s:6:"review";s:1:"0";}]]></config>
      <status><![CDATA[1]]></status>
    </item>
    <item>
      <title><![CDATA[Custom featured products demo12]]></title>
      <identifier><![CDATA[featured-products-demo12]]></identifier>
      <type_id><![CDATA[1]]></type_id>
      <config><![CDATA[a:34:{s:8:"form_key";s:16:"vuiagP7OcA1nugt3";s:15:"magicproduct_id";s:2:"76";s:9:"countdown";s:0:"";s:5:"title";s:31:"Custom featured products demo12";s:4:"ajax";s:1:"1";s:5:"types";a:1:{i:0;s:8:"featured";}s:9:"activated";s:8:"featured";s:5:"limit";s:1:"3";s:6:"status";s:1:"1";s:10:"parameters";a:1:{s:10:"conditions";a:1:{i:1;a:4:{s:4:"type";s:50:"Magento\CatalogWidget\Model\Rule\Condition\Combine";s:10:"aggregator";s:3:"all";s:5:"value";s:1:"1";s:9:"new_child";s:0:"";}}}s:6:"mobile";s:1:"1";s:8:"portrait";s:1:"1";s:9:"landscape";s:1:"1";s:6:"tablet";s:1:"1";s:8:"notebook";s:1:"1";s:6:"laptop";s:1:"1";s:7:"desktop";s:1:"1";s:10:"widescreen";s:1:"1";s:7:"visible";s:1:"1";s:5:"timer";s:1:"0";s:5:"slide";s:1:"0";s:8:"vertical";s:5:"false";s:8:"infinite";s:4:"true";s:8:"autoplay";s:5:"false";s:6:"arrows";s:4:"true";s:4:"dots";s:5:"false";s:4:"rows";s:1:"3";s:5:"speed";s:3:"300";s:14:"autoplay-Speed";s:4:"3000";s:7:"padding";s:2:"15";s:4:"cart";s:1:"0";s:7:"compare";s:1:"0";s:8:"wishlist";s:1:"0";s:6:"review";s:1:"0";}]]></config>
      <status><![CDATA[1]]></status>
    </item>
    <item>
      <title><![CDATA[Featured Products Tab Demo13]]></title>
      <identifier><![CDATA[featured-products-tab-demo13]]></identifier>
      <type_id><![CDATA[1]]></type_id>
      <config><![CDATA[a:34:{s:8:"form_key";s:16:"RVdTMXM7dU4ENSCM";s:15:"magicproduct_id";s:2:"77";s:9:"countdown";s:0:"";s:5:"title";s:28:"Featured Products Tab Demo13";s:4:"ajax";s:1:"1";s:5:"types";a:3:{i:0;s:8:"featured";i:1;s:6:"latest";i:2;s:6:"random";}s:9:"activated";s:6:"latest";s:5:"limit";s:2:"10";s:6:"status";s:1:"1";s:10:"parameters";a:1:{s:10:"conditions";a:1:{i:1;a:4:{s:4:"type";s:50:"Magento\CatalogWidget\Model\Rule\Condition\Combine";s:10:"aggregator";s:3:"all";s:5:"value";s:1:"1";s:9:"new_child";s:0:"";}}}s:6:"mobile";s:1:"1";s:8:"portrait";s:1:"1";s:9:"landscape";s:1:"2";s:6:"tablet";s:1:"3";s:8:"notebook";s:1:"3";s:6:"laptop";s:1:"4";s:7:"desktop";s:1:"5";s:10:"widescreen";s:1:"5";s:7:"visible";s:1:"5";s:5:"timer";s:1:"0";s:5:"slide";s:1:"1";s:8:"vertical";s:5:"false";s:8:"infinite";s:4:"true";s:8:"autoplay";s:5:"false";s:6:"arrows";s:5:"false";s:4:"dots";s:4:"true";s:4:"rows";s:1:"2";s:5:"speed";s:3:"300";s:14:"autoplay-Speed";s:4:"3000";s:7:"padding";s:2:"15";s:4:"cart";s:1:"1";s:7:"compare";s:1:"1";s:8:"wishlist";s:1:"1";s:6:"review";s:1:"0";}]]></config>
      <status><![CDATA[1]]></status>
    </item>
    <item>
      <title><![CDATA[Popular this week]]></title>
      <identifier><![CDATA[popular-this-week-demo13]]></identifier>
      <type_id><![CDATA[2]]></type_id>
      <config><![CDATA[a:33:{s:9:"countdown";s:0:"";s:5:"title";s:17:"Popular this week";s:4:"ajax";s:1:"1";s:5:"types";s:1:"0";s:5:"limit";s:1:"8";s:6:"status";s:1:"1";s:10:"parameters";a:1:{s:10:"conditions";a:1:{i:1;a:4:{s:4:"type";s:50:"Magento\CatalogWidget\Model\Rule\Condition\Combine";s:10:"aggregator";s:3:"all";s:5:"value";s:1:"1";s:9:"new_child";s:0:"";}}}s:12:"category_ids";a:4:{i:0;s:1:"3";i:1;s:1:"4";i:2;s:1:"5";i:3;s:1:"6";}s:9:"activated";s:1:"3";s:6:"mobile";s:1:"1";s:8:"portrait";s:1:"1";s:9:"landscape";s:1:"2";s:6:"tablet";s:1:"3";s:8:"notebook";s:1:"3";s:6:"laptop";s:1:"3";s:7:"desktop";s:1:"3";s:10:"widescreen";s:1:"4";s:7:"visible";s:1:"4";s:5:"timer";s:1:"0";s:5:"slide";s:1:"1";s:8:"vertical";s:5:"false";s:8:"infinite";s:4:"true";s:8:"autoplay";s:4:"true";s:6:"arrows";s:5:"false";s:4:"dots";s:4:"true";s:4:"rows";s:1:"2";s:5:"speed";s:3:"300";s:14:"autoplay-Speed";s:4:"3000";s:7:"padding";s:2:"15";s:4:"cart";s:1:"1";s:7:"compare";s:1:"1";s:8:"wishlist";s:1:"1";s:6:"review";s:1:"1";}]]></config>
      <status><![CDATA[1]]></status>
    </item>
    <item>
      <title><![CDATA[Recommendations For Cameras]]></title>
      <identifier><![CDATA[recommendations-for-cameras-demo13]]></identifier>
      <type_id><![CDATA[2]]></type_id>
      <config><![CDATA[a:33:{s:9:"countdown";s:0:"";s:5:"title";s:27:"Recommendations For Cameras";s:4:"ajax";s:1:"1";s:5:"types";s:6:"latest";s:5:"limit";s:2:"10";s:6:"status";s:1:"1";s:10:"parameters";a:1:{s:10:"conditions";a:1:{i:1;a:4:{s:4:"type";s:50:"Magento\CatalogWidget\Model\Rule\Condition\Combine";s:10:"aggregator";s:3:"all";s:5:"value";s:1:"1";s:9:"new_child";s:0:"";}}}s:12:"category_ids";a:1:{i:0;s:1:"5";}s:9:"activated";s:1:"5";s:6:"mobile";s:1:"1";s:8:"portrait";s:1:"1";s:9:"landscape";s:1:"2";s:6:"tablet";s:1:"3";s:8:"notebook";s:1:"3";s:6:"laptop";s:1:"4";s:7:"desktop";s:1:"5";s:10:"widescreen";s:1:"5";s:7:"visible";s:1:"5";s:5:"timer";s:1:"0";s:5:"slide";s:1:"1";s:8:"vertical";s:5:"false";s:8:"infinite";s:4:"true";s:8:"autoplay";s:4:"true";s:6:"arrows";s:4:"true";s:4:"dots";s:5:"false";s:4:"rows";s:1:"1";s:5:"speed";s:3:"400";s:14:"autoplay-Speed";s:4:"7000";s:7:"padding";s:2:"15";s:4:"cart";s:1:"1";s:7:"compare";s:1:"1";s:8:"wishlist";s:1:"1";s:6:"review";s:1:"1";}]]></config>
      <status><![CDATA[1]]></status>
    </item>
    <item>
      <title><![CDATA[Deal Of The Day]]></title>
      <identifier><![CDATA[countdown-products10]]></identifier>
      <type_id><![CDATA[1]]></type_id>
      <config><![CDATA[a:34:{s:8:"form_key";s:16:"yTWIQuP8WpEEzCMP";s:9:"countdown";s:0:"";s:5:"title";s:15:"Deal Of The Day";s:10:"identifier";s:20:"countdown-products10";s:4:"ajax";s:1:"1";s:5:"types";a:1:{i:0;s:4:"sale";}s:9:"activated";s:4:"sale";s:5:"limit";s:1:"6";s:6:"status";s:1:"1";s:10:"parameters";a:1:{s:10:"conditions";a:1:{i:1;a:4:{s:4:"type";s:50:"Magento\CatalogWidget\Model\Rule\Condition\Combine";s:10:"aggregator";s:3:"all";s:5:"value";s:1:"1";s:9:"new_child";s:0:"";}}}s:6:"mobile";s:1:"1";s:8:"portrait";s:1:"1";s:9:"landscape";s:1:"1";s:6:"tablet";s:1:"1";s:8:"notebook";s:1:"1";s:6:"laptop";s:1:"1";s:7:"desktop";s:1:"1";s:10:"widescreen";s:1:"1";s:7:"visible";s:1:"1";s:5:"timer";s:1:"1";s:5:"slide";s:1:"1";s:8:"vertical";s:5:"false";s:8:"infinite";s:4:"true";s:8:"autoplay";s:4:"true";s:6:"arrows";s:4:"true";s:4:"dots";s:5:"false";s:4:"rows";s:1:"1";s:5:"speed";s:3:"300";s:14:"autoplay-Speed";s:4:"3000";s:7:"padding";s:2:"15";s:4:"cart";s:1:"1";s:7:"compare";s:1:"1";s:8:"wishlist";s:1:"1";s:6:"review";s:1:"1";}]]></config>
      <status><![CDATA[1]]></status>
    </item>
  </magicproduct>
</root>
