<?xml version="1.0" encoding="UTF-8"?>
<root>
  <system>
    <config>
      <path>alothemes/grid/portrait</path>
      <value><![CDATA[2]]></value>
    </config>
    <config>
      <path>alothemes/grid/widescreen</path>
      <value><![CDATA[4]]></value>
    </config>
    <config>
      <path>alothemes/grid/visible</path>
      <value><![CDATA[4]]></value>
    </config>
    <config>
      <path>alothemes/related/portrait</path>
      <value><![CDATA[1]]></value>
    </config>
    <config>
      <path>alothemes/related/landscape</path>
      <value><![CDATA[2]]></value>
    </config>
    <config>
      <path>alothemes/related/notebook</path>
      <value><![CDATA[3]]></value>
    </config>
    <config>
      <path>alothemes/related/widescreen</path>
      <value><![CDATA[5]]></value>
    </config>
    <config>
      <path>alothemes/related/visible</path>
      <value><![CDATA[5]]></value>
    </config>
    <config>
      <path>alothemes/related/arrows</path>
      <value><![CDATA[true]]></value>
    </config>
    <config>
      <path>alothemes/upsell/portrait</path>
      <value><![CDATA[1]]></value>
    </config>
    <config>
      <path>alothemes/upsell/landscape</path>
      <value><![CDATA[2]]></value>
    </config>
    <config>
      <path>alothemes/upsell/notebook</path>
      <value><![CDATA[3]]></value>
    </config>
    <config>
      <path>alothemes/upsell/widescreen</path>
      <value><![CDATA[5]]></value>
    </config>
    <config>
      <path>alothemes/upsell/visible</path>
      <value><![CDATA[5]]></value>
    </config>
    <config>
      <path>alothemes/upsell/arrows</path>
      <value><![CDATA[true]]></value>
    </config>
    <config>
      <path>alothemes/crosssell/portrait</path>
      <value><![CDATA[1]]></value>
    </config>
    <config>
      <path>alothemes/crosssell/landscape</path>
      <value><![CDATA[2]]></value>
    </config>
    <config>
      <path>alothemes/crosssell/notebook</path>
      <value><![CDATA[3]]></value>
    </config>
    <config>
      <path>alothemes/crosssell/widescreen</path>
      <value><![CDATA[5]]></value>
    </config>
    <config>
      <path>alothemes/crosssell/visible</path>
      <value><![CDATA[5]]></value>
    </config>
    <config>
      <path>alothemes/crosssell/arrows</path>
      <value><![CDATA[true]]></value>
    </config>
    <config>
      <path>alothemes/timer/enabled</path>
      <value><![CDATA[1]]></value>
    </config>
    <config>
      <path>alothemes/categorysearch/enabled</path>
      <value><![CDATA[1]]></value>
    </config>
    <config>
      <path>alothemes/newsletter/width</path>
      <value><![CDATA[570]]></value>
    </config>
    <config>
      <path>alothemes/newsletter/height</path>
      <value><![CDATA[481]]></value>
    </config>
    <config>
      <path>alothemes/newsletter/background_image</path>
      <value><![CDATA[default/Popup_newsletter_03.png]]></value>
    </config>
    <config>
      <path>alothemes/font/size</path>
      <value><![CDATA[13px]]></value>
    </config>
    <config>
      <path>alothemes/font/google</path>
      <value><![CDATA[Open Sans]]></value>
    </config>
    <config>
      <path>alodesign/base/color</path>
      <value><![CDATA[{"_1460970308665_665":{"title":"Text body","selector":"body, h1, h2, h3, h4, h5, h6, .h1, .h2, .h3, .h4, .h5, .h6","color":"#666666","background":"","border":""},"_1460973866805_805":{"title":"Link body","selector":"body.page-layout-1column a,body.page-layout-2columns-left a,body.page-layout-2columns-right a,.block-collapsible-nav .item a","color":"#333333","background":"","border":""},"_1460970355783_783":{"title":"Link body hover","selector":"body a:hover,body a:focus","color":"#41ad00","background":"","border":""},"_1460973917197_197":{"title":"Background body","selector":"body","color":"","background":"#ffffff","border":""},"_1460973918132_132":{"title":"Label New","selector":".product-label .sticker.top-left","color":"#ffffff","background":"#2557aa","border":""},"_1511508002970_970":{"title":"Label New Before","selector":".product-label .sticker.top-left:before","color":"","background":"","border":"#2557aa"},"_1460973919478_478":{"title":"Label Sale","selector":".product-label .sticker.top-right","color":"#ffffff","background":"#e73535","border":""},"_1511508006164_164":{"title":"Label Sale Before","selector":".product-label .sticker.top-right:before","color":"","background":"","border":"#e73535"},"_1460973920300_300":{"title":"Button","selector":"button.button, button, .cart .continue, .actions-toolbar .primary a.action,button:focus","color":"#ffffff","background":"#41ad00","border":"#41ad00"},"_1460973921109_109":{"title":"Button hover","selector":"button.button:hover, button:hover, .cart .continue:hover, .actions-toolbar .primary a.action:hover","color":"#41ad00","background":"#ffffff","border":"#41ad00"},"_1460974143044_44":{"title":"Button checkout","selector":".cart-container .checkout-methods-items .action.primary","color":"#ffffff","background":"#41ad00","border":"#41ad00"},"_1460974161636_636":{"title":"Button checkout hover","selector":".cart-container .checkout-methods-items .action.primary:hover","color":"#41ad00","background":"\t #ffff","border":"#41ad00"},"_1574070117372_372":{"title":"filter","selector":".ui-slider-range,.ui-slider-handle","color":"","background":"#41ad00","border":""},"_1574135313003_3":{"title":"sale progress","selector":".product-deal-special-progress .deal-progress .deal-progress-bar","color":"","background":"#41ad00","border":""},"_1479743137971_971":{"title":"Checkout  progress","selector":".opc-progress-bar-item._active>span:after","color":"","background":"","border":"#41ad00"},"_1479743164940_940":{"title":"Checkout  progress","selector":".opc-progress-bar .opc-progress-bar-item._active + .opc-progress-bar-item:before","color":"","background":"#41ad00","border":""},"_1479743218305_305":{"title":"Shipping Address","selector":".opc-wrapper .shipping-address-item.selected-item","color":"","background":"","border":"#41ad00"},"_1479743264532_532":{"title":"Shipping Address","selector":".opc-wrapper .shipping-address-item.selected-item:after","color":"","background":"#41ad00","border":""},"_1484150646740_740":{"title":"Button Log in","selector":".login-container .actions-toolbar .action.login,.login-container .actions-toolbar .action.create","color":"#ffffff","background":"#41ad00","border":"#41ad00"},"_1484150645752_752":{"title":"Button Log in Hover","selector":".login-container .actions-toolbar .action.login:hover,.login-container .actions-toolbar .action.create:hover","color":"#41ad00","background":"#ffffff","border":"#41ad00"},"_1484886885442_442":{"title":"Chage pass Register 0","selector":".password-strength-meter-0 .password-strength-meter:before","color":"","background":"#f4f4f4","border":""},"_1484886884305_305":{"title":"Chage pass Register 1","selector":".password-strength-meter-0 .password-strength-meter:before {background-color: #f4f4f4;width: 100%;} .password-strength-meter-1 .password-strength-meter:before","color":"","background":"#ffafae","border":""},"_1484886883129_129":{"title":"Chage pass Register 2","selector":".password-strength-meter-2 .password-strength-meter:before","color":"","background":"#ffd6b3","border":""},"_1484886881839_839":{"title":"Chage pass Register 3","selector":".password-strength-meter-3 .password-strength-meter:before","color":"","background":"#c5eeac","border":""},"_1484886920266_266":{"title":"Chage pass Register 4","selector":".password-strength-meter-4 .password-strength-meter:before","color":"","background":"#81b562","border":""},"_1462359190350_350":{"title":"Magicslider Caption Text Black","selector":".home-slider .slick-slide.slick-active .figcaption .black","color":"#333333","background":"","border":""},"_1488940101027_27":{"title":"Magicslider Caption Text Gray","selector":".home-slider .slick-slide.slick-active .figcaption .gray","color":"#666666","background":"","border":""},"_1512961833982_982":{"title":"Magicslider Caption Text White","selector":".home-slider .slick-slide.slick-active .figcaption .white","color":"#ffffff","background":"","border":""},"_1512962790331_331":{"title":"Magicslider Caption Text Red","selector":".home-slider .slick-slide.slick-active .figcaption .red","color":"#e73535","background":"","border":""},"_1488940154272_272":{"title":"Magicslider Caption Text special-price","selector":".home-slider .slick-slide.slick-active .figcaption span.slide-special-price","color":"#669900","background":"","border":""},"_1477019815497_497":{"title":"Magicslider button","selector":".home-slider .slick-slide.slick-active .figcaption .btn-shop","color":"#ffffff","background":"#41ad00","border":"#41ad00"},"_1477019814732_732":{"title":"Magicslider button Hover","selector":".home-slider .slick-slide.slick-active .figcaption .btn-shop:hover","color":"#ffffff","background":"#3fa601","border":"#3fa601"},"_1477122444111_111":{"title":"Magicslider slick-arrow","selector":".home-slider .slick-arrow","color":"#666666","background":"#ffffff","border":"rgba(0, 0, 0, 0)"},"_1477122443124_124":{"title":"Magicslider slick-arrow","selector":".home-slider .slick-arrow:hover","color":"#ffffff","background":"#41ad00","border":"rgba(0, 0, 0, 0)"},"_1489488736848_848":{"title":"Magicslider Slick button","selector":".alo-magicslider .slick-dots li button","color":"#cccccc","background":"#cccccc","border":"#cccccc"},"_1489488735776_776":{"title":"Magicslider Slick button hover active","selector":".alo-magicslider .slick-dots li:hover button, .alo-magicslider .slick-dots li.slick-active button","color":"#666666","background":"#666666","border":"#666666"},"_1466051211857_857":{"title":"Slick prev and next","selector":".slick-prev,.slick-prev:focus, .slick-next,.slick-next:focus","color":"#666666","background":"#ffffff","border":"#666666"},"_1466051212797_797":{"title":"Slick prev and next hover","selector":".slick-prev:hover, .slick-next:hover","color":"#ffffff","background":"#41ad00","border":"#41ad00"},"_1477020215493_493":{"title":"Slick button","selector":".slick-dots li button","color":"#333333","background":"#cccccc","border":"#cccccc"},"_1477020214729_729":{"title":"Slick button hover active","selector":".slick-dots li:hover button, .slick-dots li.slick-active button","color":"#666666","background":"#666666","border":"#666666"},"_1476979574189_189":{"title":"Policy icon","selector":".policy .policy-box .box-content .icons","color":"#666666","background":"","border":""},"_1476979580971_971":{"title":"Policy Text1","selector":".policy .policy-box .box-content .service-content .info-title h3","color":"#333333","background":"","border":""},"_1476979573675_675":{"title":"Policy Text2","selector":".policy .policy-box .box-content .service-content .sub-title span","color":"#666666","background":"","border":""},"_1502769663688_688":{"title":"Policy Border","selector":".policy .policy-box .box-content","color":"","background":"","border":"#e6e6e6"},"_1519897743229_229":{"title":"Popup Newsletter Expert","selector":"#popup-newsletter .big-size","color":"#222222","background":"","border":""},"_1519897791620_620":{"title":"Popup Newsletter Sale","selector":".promo-panel-text .sale-off","color":"#f73535","background":"","border":""},"_1466137635739_739":{"title":"Popup Newsletter Title","selector":"#popup-newsletter .block-content .block-title strong span,.promo-panel-text.black","color":"#333333","background":"","border":""},"_1483501626755_755":{"title":"Popup Newsletter promotions","selector":".promo-panel-text,#popup-newsletter .subscribe-bottom","color":"#666666","background":"","border":""},"_1466137637746_746":{"title":"Popup Newsletter Box input","selector":"#popup-newsletter .block-content input.input-text","color":"#888888","background":"#ffffff","border":"#e6e6e6"},"_1466137638491_491":{"title":"Popup Newsletter Button","selector":"#popup-newsletter .block-content button.button","color":"#ffffff","background":"#41ad00","border":"#41ad00"},"_1466137639274_274":{"title":"Popup Newsletter Button Hover","selector":"#popup-newsletter .block-content button.button:hover","color":"#41ad00","background":"#ffffff","border":"#41ad00"},"_1483501679618_618":{"title":"Fancybox close","selector":".fancybox-close","color":"","background":"#333333","border":""},"_1483501678466_466":{"title":"Fancybox close hover","selector":".fancybox-close:hover,.onclick .content-contact .button:hover","color":"","background":"","border":""},"_1572854193376_376":{"title":"post next,prev","selector":"body .post-nextprev-hld a","color":"#ffffff","background":"#41ad00","border":"#41ad00"},"_1571363597308_308":{"title":"post next,prev hover","selector":"body .post-nextprev-hld a:hover","color":"#ffffff","background":"#333333","border":"#333333"}}]]></value>
    </config>
    <config>
      <path>alodesign/content/color</path>
      <value><![CDATA[{"_1461730970276_276":{"title":"Icon wishlist,compare,Quickview","selector":".item .add-to-links a","color":"#41ad00","background":"#ffffff","border":"#41ad00"},"_1461731118212_212":{"title":"Icon(hover) wishlist,compare","selector":".item .add-to-links a:hover","color":"#ffffff","background":"#41ad00","border":"#41ad00"},"_1511452730212_212":{"title":"Icon quickview","selector":".item .quickview","color":"#ffffff","background":"rgba(0, 0, 0, 0)","border":"#333333"},"_1476089990093_93":{"title":"Button Cart","selector":".item .actions-cart .button.btn-cart","color":"#ffffff","background":"#41ad00","border":"#41ad00"},"_1476090103095_95":{"title":"Button Cart Hover","selector":".item .actions-cart .button.btn-cart:hover,.section-category-slide .item:hover .actions-cart .button.btn-cart","color":"#41ad00","background":"#ffffff","border":"#41ad00"},"_1503371885543_543":{"title":"Button Cart 2 Hover","selector":".section-category-slide .item .actions-cart .button.btn-cart:hover","color":"#41ad00","background":"#ffffff","border":"#41ad00"},"_1488767735415_415":{"title":"Button Cart out-of-stock","selector":".item .actions-cart .stock.unavailable","color":"#000000","background":"rgba(0, 0, 0, 0)","border":"rgba(0, 0, 0, 0)"},"_1488767747942_942":{"title":"Button Cart out-of-stock hover","selector":".item .actions-cart .stock.unavailable:hover","color":"#000000","background":"rgba(0, 0, 0, 0)","border":"rgba(0, 0, 0, 0)"},"_1502382782134_134":{"title":"Button Cart out-of-stock hover","selector":".item .actions-cart .stock.unavailable span","color":"#ffffff","background":"","border":""},"_1506488686461_461":{"title":"Button Cart out-of-stock after","selector":".item .actions-cart .stock.unavailable:after","color":"","background":"#cc0000","border":""},"_1502381478170_170":{"title":"Tooltip","selector":".alotheme-tooltip .tooltip","color":"#ffffff","background":"#333333","border":""},"_1502381514191_191":{"title":"Tooltip","selector":".alotheme-tooltip .tooltip:before","color":"","background":"","border":"#333333"},"_1511513389136_136":{"title":"countdown-products and product","selector":".item:hover .per-product,.content-countdown-products","color":"","background":"","border":"#41ad00"},"_1495005735312_312":{"title":"Icon wishlist,compare  List Category","selector":".products-list .item .product-item-inner .add-to-links .action","color":"#666666","background":"rgba(0, 0, 0, 0)","border":"rgba(0, 0, 0, 0)"},"_1495005758038_38":{"title":"Icon(hover) wishlist,compare List Category","selector":".products-list .item .product-item-inner .add-to-links .action:hover","color":"#41ad00","background":"rgba(0, 0, 0, 0)","border":"rgba(0, 0, 0, 0)"},"_1478772958438_438":{"title":"Button Cart List Category","selector":".products-list .item .actions-no .button.btn-cart","color":"#ffffff","background":"#41ad00","border":"#41ad00"},"_1478772989342_342":{"title":"Button Cart List Category Hover","selector":".products-list .item .actions-no .button.btn-cart:hover","color":"#41ad00","background":"#ffffff","border":"#41ad00"},"_1514520590023_23":{"title":"Free Shipping List Category","selector":".products-list .item .product-item-inner .free-shipping:before","color":"#41ad00","background":"","border":""},"_1461732155993_993":{"title":"Title product name","selector":".product-item-name .product-item-link,.product-view .product-shop .page-title-wrapper .page-title span,.minicart-items .product-item-name a","color":"#333333","background":"","border":""},"_1461732172241_241":{"title":"Title product name hover","selector":".product-item-name .product-item-link:hover,.minicart-items .product-item-name a:hover","color":"#41ad00","background":"","border":""},"_1461732471049_49":{"title":"Toolbar modes mode","selector":".toolbar .modes-mode","color":"#666666","background":"rgba(0, 0, 0, 0)","border":"rgba(0, 0, 0, 0)"},"_1461732472360_360":{"title":"Toolbar modes mode active,hover","selector":".toolbar .modes-mode.active, .toolbar .modes-mode:hover","color":"#41ad00","background":"rgba(0, 0, 0, 0)","border":"rgba(0, 0, 0, 0)"},"_1462778068253_253":{"title":"Toolbar pages","selector":".pages li","color":"#000000","background":"rgba(0, 0, 0, 0)","border":"#dddddd"},"_1484034566913_913":{"title":"Toolbar pages active","selector":".pages li.current,.pages li:hover","color":"#222222","background":"","border":"#41ad00"},"_1492678598262_262":{"title":"pages next prev and","selector":".pages li a","color":"#000000","background":"","border":""},"_1494985559359_359":{"title":"pages next prev and hover","selector":".pages li a:hover","color":"#222222","background":"","border":""},"_1492677841094_94":{"title":"pages next prev","selector":".pages li.item.pages-item-next,.pages li.item.pages-item-previous","color":"#000000","background":"rgba(0, 0, 0, 0)","border":"#dddddd"},"_1492677904829_829":{"title":"pages next prev hover","selector":".pages li.item.pages-item-next:hover,.pages li.item.pages-item-previous:hover","color":"#ffffff","background":"","border":"#41ad00"},"_1466076248177_177":{"title":"Background Tile Vmagicmenu ","selector":".vmagicmenu .block-title","color":"#ffffff","background":"#41ad00","border":""},"_1466076249530_530":{"title":"Tile Vmagicmenu ","selector":".vmagicmenu .block-title span","color":"#ffffff","background":"rgba(0, 0, 0, 0)","border":""},"_1466076250624_624":{"title":"Vmagicmenu Leve0","selector":".vmagicmenu .level0 .level-top","color":"#555555","background":"","border":"#e6e6e6"},"_1477018018885_885":{"title":"Vmagicmenu Leve0 Hover Color","selector":".vmagicmenu .level0:hover, .vmagicmenu .level0.active","color":"#41ad00","background":"rgba(0, 0, 0, 0)","border":""},"_1489047273689_689":{"title":"Vmagicmenu Leve0 Hover Color","selector":".vmagicmenu .level0:hover .level-top::after, .vmagicmenu .level0:hover .level-top","color":"#41ad00","background":"","border":"#e6e6e6"},"_1466076253145_145":{"title":"Background Dropdow Leve0","selector":".vmagicmenu .vmagicmenu-narrow","color":"","background":"#ffffff","border":"#41ad00"},"_1466076370755_755":{"title":"Background Dropdow  Leve1","selector":".vmagicmenu .level0 .level-top-mega, .vmagicmenu .vmagicmenu-narrow .level0.dropdown &gt; .level0,.vmagicmenu .vmagicmenu-narrow .level0.dropdown .hasChild ul","color":"","background":"#ffffff","border":"#ededed"},"_1466076374298_298":{"title":"Vmagicmenu Leve1 Color","selector":".vmagicmenu .level0 .level-top-mega .children.level1 &gt; a","color":"#41ad00","background":"","border":"#e6e6e6"},"_1466076376251_251":{"title":"Vmagicmenu Leve2 Color","selector":".vmagicmenu .level0 .level-top-mega .children a, .vmagicmenu .vmagicmenu-narrow .level0.dropdown .level1 a","color":"#666666","background":"","border":""},"_1466076486875_875":{"title":"Vmagicmenu Leve2 Color  Hover","selector":".vmagicmenu .level0 .level-top-mega .children a:hover, .vmagicmenu .vmagicmenu-narrow .level0.dropdown .level1 a:hover","color":"#41ad00","background":"","border":""},"_1477019069241_241":{"title":"Click All categories","selector":".all-cat span","color":"#666666","background":"","border":""},"_1477019100448_448":{"title":"Click All categories Hover","selector":".all-cat span:hover","color":"#41ad00","background":"","border":""},"_1466076489562_562":{"title":"Tile Menu Mobile","selector":".nav-sections .mean-nav .mobi-title","color":"#ffffff","background":"","border":""},"_1466076490642_642":{"title":"Icon Click Menu Mobile","selector":".nav-toggle:before","color":"#333333","background":"","border":""},"_1466076565963_963":{"title":"Icon Click Menu Mobile hover","selector":".nav-toggle:hover:before","color":"#333333","background":"","border":""},"_1466076567059_59":{"title":"Background Drop Menu Mobile","selector":".nav-sections .mean-nav","color":"","background":"#41ad00","border":""},"_1466076568043_43":{"title":"Drop Menu Mobile Link","selector":".nav-sections .mean-nav ul li a","color":"#ffffff","background":"","border":"#888888"},"_1466076569188_188":{"title":"Drop Menu Mobile Link Hover","selector":".nav-sections .mean-nav ul li a:hover","color":"#ffffff","background":"#333333","border":""},"_1488851947929_929":{"title":"Background Menu Sidebar","selector":".sidebar .accordion-container .meanmenu-accordion","color":"","background":"","border":"#e6e6e6"},"_1479786336646_646":{"title":"Menu Sidebar Links","selector":"ul.nav-accordion li a","color":"#444444","background":"","border":""},"_1502381139382_382":{"title":"Menu Sidebar Links level-top","selector":"ul.nav-accordion li a.level-top","color":"#444444","background":"","border":""},"_1479786352064_64":{"title":"Menu Sidebar Links Hover","selector":"ul.nav-accordion li a:hover","color":"#41ad00","background":"","border":""},"_1503303184447_447":{"title":"Color Price","selector":".price-box .price,.item.product-item .special-price .price, .item.product-item .minimal-price .price","color":"#222222","background":"","border":""},"_1503303333583_583":{"title":"Color Price old-price","selector":".old-price .price","color":"#888888","background":"","border":""},"_1511486832341_341":{"title":"Boder Tabs product","selector":".block-title-tabs,.alo-brand .title.item,.post-bottom .block-title.title, .catalog-product-view .block-title.title","color":"","background":"","border":"#eeeeee"},"_1494835826545_545":{"title":"Title Tabs Products for Home","selector":".block-title-tabs h3,.crosssell .block-title strong, .block-related .block-title strong, .block.related .block-title strong, .box-up-sell .block-title strong,.alo-brand .title.item span","color":"#222222","background":"","border":""},"_1477021145411_411":{"title":"Magicproduct Tabs Title","selector":".magictabs .item .title","color":"#666666","background":"","border":""},"_1477021145063_63":{"title":"Magicproduct Tabs Title Hover","selector":".magictabs .item:hover .title,.group-title span","color":"#222222","background":"#ffffff","border":""},"_1503368596403_403":{"title":"Magicproduct Tabs Title Active","selector":".magictabs .item.activated .title","color":"#222222","background":"","border":""},"_1514434662805_805":{"title":"Magicproduct Tabs Title Active","selector":".tabproduct-right .magictabs .item.activated .title","color":"","background":"","border":"#41ad00"},"_1477033714177_177":{"title":"Product page Thumbnail","selector":".fotorama-item .fotorama__nav .fotorama__thumb-border","color":"","background":"","border":"#41ad00"},"_1466161127682_682":{"title":"Button cart Product view","selector":".product-view .add-to-cart button.button","color":"#ffffff","background":"#41ad00","border":"#41ad00"},"_1466161237203_203":{"title":"Button cart Product view hover","selector":".product-view .add-to-cart button.button:hover","color":"#41ad00","background":"#ffffff","border":"#41ad00"},"_1484120285501_501":{"title":"Product page wishlist,compare","selector":".product-view .product-shop .product-social-links a, .product-add-form .product-social-links a","color":"#666666","background":"","border":""},"_1484120284248_248":{"title":"Product page (hover) wishlist,compare","selector":".product-view .product-shop .product-social-links a:hover, .product-add-form .product-social-links a:hover","color":"#41ad00","background":"","border":""},"_1478790339188_188":{"title":"Product page availability icon","selector":".product-info-main .stock.available:before,.product-info-main .stock.unavailable:before","color":"#333333","background":"","border":""},"_1477033521567_567":{"title":"Tabs product page","selector":".product.data.items .items-tabs .item a","color":"#666666","background":"","border":"#e6e6e6"},"_1477033520568_568":{"title":"Tabs product page active","selector":".product.data.items .items-tabs .item.active a","color":"#ffffff","background":"#41ad00","border":"#41ad00"},"_1572852348287_287":{"title":"Tabs product page active hover","selector":".product.data.items .items-tabs .item.active:hover a","color":"#ffffff","background":"#41ad00","border":"#41ad00"},"_1572852150234_234":{"title":"Tabs product page hover","selector":".product.data.items .items-tabs .item:hover a","color":"#41ad00","background":"","border":""},"_1484992746055_55":{"title":"Blog Title","selector":".alo-blog .block-recent-posts .block-title strong","color":"#222222","background":"","border":""},"_1484992834097_97":{"title":"Blog Date","selector":".post-posed-date","color":"#222222","background":"","border":""},"_1512488846981_981":{"title":"Blog red more","selector":".post-list-wrapper .post-list .post-read-more,.post-view .post-read-more","color":"#ffffff","background":"#41ad00","border":"#41ad00"},"_1572853669860_860":{"title":"Blog red more hover","selector":".post-list-wrapper .post-list .post-read-more:hover,.post-view .post-read-more:hover","color":"#ffffff","background":"#3fa601","border":"#3fa601"},"_1492741191914_914":{"title":"Bg Product-qty","selector":".product-view .product-qty .custom-qty,.block-bundle-summary .product-details .product-qty .custom-qty","color":"","background":"#ffffff","border":"#e6e6e6"},"_1488877972474_474":{"title":"Product-qty label","selector":".product-view .product-qty label span","color":"#333333","background":"","border":""},"_1488877968529_529":{"title":"Product-qty","selector":".product-view .product-shop input.qty, .block-bundle-summary .product-details input.qty","color":"#000000","background":"rgba(0, 0, 0, 0)","border":""},"_1488862021609_609":{"title":"Availability stock Label","selector":".stock label","color":"#666666","background":"","border":""},"_1488862022695_695":{"title":"Availability in stock","selector":".stock span","color":"#00469c","background":"","border":""},"_1488862023675_675":{"title":"Availability out stock","selector":".stock.unavailable span","color":"#ff0000","background":"","border":""},"_1496935371729_729":{"title":"Find us on Map","selector":".onmap .onclick-map","color":"#ffffff","background":"#41ad00","border":"#41ad00"},"_1511427022661_661":{"title":"Background Full Magicproduct","selector":".bg-gray,.all-products","color":"","background":"#eeeeee","border":""},"_1570612990478_478":{"title":"Post next, prev","selector":".post-nextprev-hld a","color":"#333333","background":"","border":"rgba(0, 0, 0, 0)"},"_1570613138072_72":{"title":"Post next, prev hover focus","selector":".post-nextprev-hld a:hover,.post-nextprev-hld a:focus","color":"#333333","background":"","border":""},"_1572850662577_577":{"title":"cookie link","selector":"body .message.global.cookie.magepow-gdpr-cookie-notice .notice-cookie-content a","color":"#41ad00","background":"","border":""},"_1572850716517_517":{"title":"cookie background","selector":"body .message.global.cookie.magepow-gdpr-cookie-notice","color":"","background":"#333333","border":""},"_1572850804831_831":{"title":"cookie button","selector":"body .message.global.cookie.magepow-gdpr-cookie-notice .actions button","color":"#333333","background":"#ffffff","border":"#ffffff"},"_1572850830987_987":{"title":"cookie button hover","selector":"body .message.global.cookie.magepow-gdpr-cookie-notice .actions button:hover","color":"#ffffff","background":"#3fa601","border":"#3fa601"},"_1572853956777_777":{"title":"sidebar account nav","selector":".block.account-nav .item.current a, .block.account-nav .item.current > strong","color":"","background":"","border":"#3fa601"},"_1572855960926_926":{"title":"progressbar active","selector":".opc-progress-bar-item._active>span:after","color":"","background":"","border":"#41ad00"},"_1572856020302_302":{"title":"progressbar border active","selector":".opc-progress-bar .opc-progress-bar-item._active + .opc-progress-bar-item:before","color":"","background":"#41ad00","border":""},"_1572856880563_563":{"title":"shipping address active","selector":".opc-wrapper .shipping-address-item.selected-item:after","color":"","background":"#41ad00","border":""},"_1572858134434_434":{"title":"account arrow","selector":".alo-toggle .toggle-content:after","color":"","background":"#41ad00","border":""},"_1574041760305_305":{"title":"special progress bar","selector":".product-deal-special-progress .deal-progress .deal-progress-bar","color":"","background":"#41ad00","border":""}}]]></value>
    </config>
    <config>
      <path>alodesign/footer/color</path>
      <value><![CDATA[{"_1460975745240_240":{"title":"Link and Icon,Address Text","selector":".page-footer .block-content-statick li a, .address-list .tit-name,.address-list .tit-contain,.copyright span,.footer-menu-box .footer-menu-list li a,.footer_links_company .links li a","color":"#999999","background":"","border":""},"_1460975746527_527":{"title":"Link-hover","selector":".page-footer .block-content-statick li a:hover,.footer-menu-box .footer-menu-list li a:hover,.footer_links_company .links li a:hover","color":"#41ad00","background":"","border":""},"_1502160897455_455":{"title":"Background Top","selector":".block-footer-top","color":"","background":"#ffffff","border":""},"_1476873627597_597":{"title":"Background Bottom","selector":".page-footer .block-footer-bottom,.footer-links-company","color":"","background":"#222222","border":""},"_1503117895808_808":{"title":"Background Bottom","selector":".page-footer .block-footer-bottom,.footer-links-company, .main-bottom","color":"","background":"","border":"#323232"},"_1511259087121_121":{"title":"Social","selector":".icon-social .social-link","color":"#7a7a7a","background":"#ffffff","border":"#ffffff"},"_1511259086248_248":{"title":"Social hover","selector":".social-link:hover","color":"#41ad00","background":"rgba(0, 0, 0, 0)","border":"rgba(0, 0, 0, 0)"},"_1572852543731_731":{"title":"social footer hover","selector":".icon-social .social-link:hover","color":"#ffffff","background":"#41ad00","border":"#41ad00"},"_1502167602209_209":{"title":"Subscribe Text","selector":".block-newletter .block-subscribe .block-title p,.block-newletter .block-subscribe .block-title p strong","color":"#dddddd","background":"","border":""},"_1460975765095_95":{"title":"Subscribe input","selector":".block-subscribe input.input-text","color":"#999999","background":"#ffffff","border":"#ffffff"},"_1460975766584_584":{"title":"Subscribe Button","selector":".block-subscribe .actions button.button","color":"#ffffff","background":"#41ad00","border":"#41ad00"},"_1460975767584_584":{"title":"Subscribe Button Hover","selector":".block-subscribe .actions button.button:hover","color":"#ffffff","background":"#3fa601","border":"#3fa601"},"_1476980402084_84":{"title":"Footer Title","selector":".page-footer .block-title.heading","color":"#ffffff","background":"","border":""},"_1461745578874_874":{"title":"Backtotop","selector":"#backtotop","color":"#333333","background":"#ffffff","border":"#41ad00"},"_1461745619738_738":{"title":"Backtotop hover","selector":"#backtotop:hover","color":"#ffffff","background":"#3fa601","border":"#3fa601"}}]]></value>
    </config>
    <config>
      <path>alodesign/header/color</path>
      <value><![CDATA[{"_1460974842988_988":{"title":"Link","selector":".page-header a,.page-header .switcher .options ul.dropdown a, .page-footer .switcher .options ul.dropdown a","color":"#666666","background":"","border":""},"_1460974844035_35":{"title":"Link hover","selector":".page-header a:hover,.page-header .switcher .options ul.dropdown a:hover, .page-footer .switcher .options ul.dropdown a:hover","color":"#41ad00","background":"","border":""},"_1460974849970_970":{"title":"Background Top Color","selector":".header-top","color":"","background":"#ffffff","border":"#e1e1e1"},"_1460974850895_895":{"title":"Background Content Color","selector":".header-content","color":"","background":"#ffffff","border":""},"_1502187654966_966":{"title":"Background Bottom sticker","selector":".header-bottom,.header-container-fixed,.cms-index-index .header-content.header-container-fixed,.page-products .header-container-fixed,.catalog-product-view .header-content.header-container-fixed","color":"","background":"#333333","border":""},"_1461746040974_974":{"title":"Minicart qty","selector":".minicart-wrapper .action.showcart .counter.qty","color":"#222222","background":"","border":""},"_1461747058784_784":{"title":"Minicart box dropdown","selector":".minicart-wrapper .block-minicart","color":"","background":"#ffffff","border":"#41ad00"},"_1461746040514_514":{"title":"Minicart viewcart Minicart checkout","selector":".block-minicart .block-content .actions .secondary .viewcart,.block-minicart .block-content .actions .primary .action.primary.checkout,.header.links li:first-child a","color":"#ffffff","background":"#41ad00","border":"#41ad00"},"_1461746040213_213":{"title":"Minicart viewcart hover","selector":".block-minicart .block-content .actions .secondary .viewcart:hover,.block-minicart .block-content .actions .primary .action.primary.checkout:hover","color":"#41ad00","background":"#ffffff","border":"#41ad00"},"_1572855712834_834":{"title":"mini account link","selector":".header.links .customer-menu .links.header li a","color":"#333333","background":"","border":""},"_1572855779287_287":{"title":"mini account link hover","selector":".header.links .customer-menu .links.header li a:hov\u1ebb","color":"#41ad00","background":"","border":""},"_1460974852706_706":{"title":"Background Drop-down-menu","selector":".magicmenu .nav-desktop .level0 .full-width, .magicmenu .nav-desktop .level0 .level-top-mega, .magicmenu .nav-desktop .level0.dropdown .level0, .magicmenu .nav-desktop .level0.dropdown .hasChild ul, .magicmenu .nav-desktop .level0.dropdown .hasChild ul","color":"","background":"#ffffff","border":"#ededed"},"_1460974853562_562":{"title":"Item-menu","selector":".magicmenu .nav-desktop .level0 .level-top,.magicmenu .nav-desktop .level0.dropdown .level-top","color":"#ffffff","background":"","border":""},"_1460975123617_617":{"title":"Item-menu(hover,active)","selector":".magicmenu .nav-desktop .level0.dropdown.active .level-top,.magicmenu .nav-desktop .level0.over a,.magicmenu .nav-desktop .level0.active a, .magicmenu .nav-desktop .level0.active a span.icon-text, .magicmenu .nav-desktop .level0 a:hover, .magicmenu .nav-desktop .level0 a.icon-text:hover,.magicmenu .nav-desktop .level0.dropdown .level-top:hover","color":"#41ad00","background":"rgba(0, 0, 0, 0)","border":""},"_1460975135746_746":{"title":"Drop-down-menu-link-leve2","selector":".magicmenu .nav-desktop .level0 .level-top-mega .children.level1 &gt; a","color":"#41ad00","background":"","border":"#e6e6e5"},"_1460975137282_282":{"title":"Drop-down-menu-link-leve3","selector":".magicmenu .nav-desktop .level0 .level-top-mega .children a, .magicmenu .nav-desktop p,.magicmenu .nav-desktop .level0.home .level-top-mega div a,.magicmenu .nav-desktop .level0.dropdown a","color":"#666666","background":"","border":""},"_1460975138353_353":{"title":"Drop-down-menu-link-hover","selector":".magicmenu .nav-desktop .level0 .level-top-mega .children a:hover,.magicmenu .nav-desktop .level0.home .level-top-mega div a:hover,.magicmenu .nav-desktop .level0.dropdown a:hover","color":"#41ad00","background":"rgba(0, 0, 0, 0)","border":""},"_1494576416983_983":{"title":"Item-menu Drop Down hover","selector":".magicmenu .nav-desktop .level0.dropdown .level1 a:hover, .vmagicmenu .vmagicmenu-narrow .level0.dropdown .level1 a:hover","color":"#41ad00","background":"#f1f1f1","border":""},"_1466091462366_366":{"title":"Label New Menu","selector":".magicmenu .nav-desktop .level0 .level-top .cat_label, .magicmenu .nav-desktop .level0 .cat_label, .mean-container .mean-nav ul li a span.cat_label, .vmagicmenu .level0 .cat_label, .vmagicmenu .level0 .level-top-mega .children .cat_label,.nav-sections .mean-container .mean-nav ul li a span.cat_label","color":"#cc3333","background":"rgba(0, 0, 0, 0)","border":""},"_1466091463701_701":{"title":"Label Sale Menu","selector":".magicmenu .nav-desktop .level0 .cat_label.Sale, .magicmenu .nav-desktop .level0 .cat_label.sale, .magicmenu .nav-desktop .level0 .level-top-mega .children a .cat_label.sale, .magicmenu .nav-desktop .level0 .level-top-mega .children a .cat_label.Sale, .vmagicmenu .level0 .cat_label.Sale, .vmagicmenu .level0 .cat_label.sale, .vmagicmenu .level0 .level-top-mega .children .cat_label.sale, .vmagicmenu .level0 .level-top-mega .children .cat_label.Sale, .mean-container .mean-nav ul li a span.cat_label.sale, .mean-container .mean-nav ul li a span.cat_label.Sale","color":"#0099cc","background":"rgba(0, 0, 0, 0)","border":""},"_1466091464549_549":{"title":"Label Hot Menu","selector":".magicmenu .nav-desktop .level0 .cat_label.Hot, .magicmenu .nav-desktop .level0 .cat_label.hot, .magicmenu .nav-desktop .level0 .cat_label.HOT, .vmagicmenu .level0 .cat_label.Hot, .vmagicmenu .level0 .cat_label.hot, .vmagicmenu .level0 .cat_label.HOT, .vmagicmenu .level0 .level-top-mega .children .cat_label.hot, .vmagicmenu .level0 .level-top-mega .children .cat_label.Hot, .vmagicmenu .level0 .level-top-mega .children .cat_label.HOT, .mean-container .mean-nav ul li a span.cat_label.hot, .mean-container .mean-nav ul li a span.cat_label.Hot, .mean-container .mean-nav ul li a span.cat_label.HOT","color":"#f08a47","background":"rgba(0, 0, 0, 0)","border":""},"_1503630896225_225":{"title":"Border Drop content","selector":".page-header .switcher .options ul.dropdown, .page-footer .switcher .options ul.dropdown,.alo-toggle .toggle-content","color":"","background":"","border":"#41ad00"},"_1511403283689_689":{"title":"Background Drop content","selector":".capped-delivery,.minicart-wrapper .block-minicart:after","color":"","background":"#41ad00","border":""},"_1477037947938_938":{"title":"My Account Link","selector":".header.links li a, .header.links li.customer-welcome span, .below-column ul li a,.support-content p,.support .icon-support .icons,.switcher-options strong span, .page-header .switcher .options .action","color":"#333333","background":"","border":""},"_1494207383711_711":{"title":"My Account Link border","selector":".header.links li a:before, .page-header .switcher .options:before,.below-column ul li a:before,.tool-setting .top-link-product a.btn-compare:before","color":"","background":"","border":"#e0e0e0"},"_1478666005840_840":{"title":"My Account Link hover","selector":".header.links li a:hover,.header .top-link-product a:hover,.header.links li.customer-welcome span:hover","color":"#cc0000","background":"","border":""},"_1477037070441_441":{"title":"Form Search","selector":".header .form-search","color":"","background":"#ffffff","border":"#41ad00"},"_1477037071621_621":{"title":"Button Search","selector":".header .form-search button.button","color":"#333333","background":"rgba(0, 0, 0, 0)","border":""},"_1477037072948_948":{"title":"Button Search Hover","selector":".header .form-search button.button:hover","color":"#333333","background":"rgba(0, 0, 0, 0)","border":""},"_1492771638109_109":{"title":"Header Icon wishlist compare","selector":".top-link-product a.icon,.toggle-tab-mobile .toggle-tab.mobile,.content-cart .minicart-wrapper .showcart .crat-icon,.alotheme .icons,.content-cart .minicart-wrapper .showcart .price","color":"#666666","background":"","border":""},"_1492771741965_965":{"title":"Header Icon wishlist compare counter","selector":".top-link-product a.icon .counter,.alotheme .text-account,.content-cart .minicart-wrapper .showcart .text","color":"#333333","background":"","border":""},"_1503630818939_939":{"title":"Header-promotion close","selector":".top-banner .header-offer-close","color":"#ced7e4","background":"#000000","border":""},"_1572843840959_959":{"title":"cart number","selector":".minicart-wrapper .action.showcart .counter.qty","color":"#ffffff","background":"#41ad00","border":""},"_1572853754544_544":{"title":"account link ","selector":".header.links li:first-child a","color":"#ffffff","background":"#41ad00","border":"#41ad00"},"_1572853777414_414":{"title":"account link hover","selector":".header.links li:first-child a:hover","color":"#ffffff","background":"#3fa601","border":"#3fa601"},"_1572858446853_853":{"title":"mega menu button ","selector":".magicmenu .nav-desktop .cms-static-banner-menu .text-menu a,.vmagicmenu .nav-desktop .cms-static-banner-menu .text-menu a","color":"#ffffff","background":"#41ad00","border":"#41ad00"},"_1572858471500_500":{"title":"mega menu button hover","selector":".magicmenu .nav-desktop .cms-static-banner-menu .text-menu a:hover,.vmagicmenu .nav-desktop .cms-static-banner-menu .text-menu a:hover","color":"#ffffff","background":"#3fa601","border":"#3fa601"}}]]></value>
    </config>
    <config>
      <path>alodesign/left/color</path>
      <value><![CDATA[{"_1488852090214_214":{"title":"Sidebar Block Tite","selector":".sidebar .block .block-title strong,.accor-title,.filter-options .filter-options-title","color":"#333333","background":"","border":""},"_1502380016806_806":{"title":"filter-options","selector":".filter-options-content .swatch-option.text,.product-items .product.details.product-item-details .swatch-option.text","color":"#999999","background":"#f1f1f1","border":"#f1f1f1"},"_1502380071182_182":{"title":"filter-options hover","selector":".filter-options-content .swatch-attribute-options .swatch-option:hover,.product-items .product.details.product-item-details .swatch-option.text:hover","color":"#333333","background":"#f1f1f1","border":"#999999"}}]]></value>
    </config>
    <config>
      <path>alodesign/right/color</path>
      <value><![CDATA[[]]]></value>
    </config>
    <config>
      <path>alosocial/instagram/limit</path>
      <value><![CDATA[8]]></value>
    </config>
    <config>
      <path>alosocial/general/enabled</path>
      <value><![CDATA[1]]></value>
    </config>
    <config>
      <path>magicmenu/general/dropdown</path>
      <value><![CDATA[4,169]]></value>
    </config>
    <config>
      <path>magicmenu/topmenu/notIncludeNav</path>
      <value><![CDATA[5,7,8,9,10,11,12,13,14,15,164,165,166,167,169,174,106,107,110,111,112,114,113,115,116]]></value>
    </config>
    <config>
      <path>magicmenu/vmenu/enabled</path>
      <value><![CDATA[1]]></value>
    </config>
    <config>
      <path>magicmenu/vmenu/notIncludeNav</path>
      <value><![CDATA[]]></value>
    </config>
    <config>
      <path>magicmenu/vmenu/demo</path>
      <value><![CDATA[0]]></value>
    </config>
    <config>
      <path>magicslider/general/title</path>
      <value><![CDATA[Magicsliders]]></value>
    </config>
    <config>
      <path>magicslider/general/allowGuest</path>
      <value><![CDATA[1]]></value>
    </config>
    <config>
      <path>magicslider/general/autoApprove</path>
      <value><![CDATA[1]]></value>
    </config>
    <config>
      <path>magicslider/general/slide</path>
      <value><![CDATA[1]]></value>
    </config>
    <config>
      <path>magicslider/general/vertical</path>
      <value><![CDATA[false]]></value>
    </config>
    <config>
      <path>magicslider/general/infinite</path>
      <value><![CDATA[true]]></value>
    </config>
    <config>
      <path>magicslider/general/autoplay</path>
      <value><![CDATA[true]]></value>
    </config>
    <config>
      <path>magicslider/general/arrows</path>
      <value><![CDATA[true]]></value>
    </config>
    <config>
      <path>magicslider/general/dots</path>
      <value><![CDATA[false]]></value>
    </config>
    <config>
      <path>magicslider/general/rows</path>
      <value><![CDATA[1]]></value>
    </config>
    <config>
      <path>magicslider/general/speed</path>
      <value><![CDATA[300]]></value>
    </config>
    <config>
      <path>magicslider/general/padding</path>
      <value><![CDATA[15]]></value>
    </config>
    <config>
      <path>magicslider/general/mobile</path>
      <value><![CDATA[1]]></value>
    </config>
    <config>
      <path>magicslider/general/portrait</path>
      <value><![CDATA[1]]></value>
    </config>
    <config>
      <path>magicslider/general/landscape</path>
      <value><![CDATA[1]]></value>
    </config>
    <config>
      <path>magicslider/general/tablet</path>
      <value><![CDATA[1]]></value>
    </config>
    <config>
      <path>magicslider/general/notebook</path>
      <value><![CDATA[1]]></value>
    </config>
    <config>
      <path>magicslider/general/laptop</path>
      <value><![CDATA[1]]></value>
    </config>
    <config>
      <path>magicslider/general/desktop</path>
      <value><![CDATA[1]]></value>
    </config>
    <config>
      <path>magicslider/general/visible</path>
      <value><![CDATA[1]]></value>
    </config>
    <config>
      <path>shopbrand/general/title</path>
      <value><![CDATA[Featured Brands]]></value>
    </config>
    <config>
      <path>shopbrand/general/notebook</path>
      <value><![CDATA[4]]></value>
    </config>
    <config>
      <path>shopbrand/general/desktop</path>
      <value><![CDATA[6]]></value>
    </config>
    <config>
      <path>shopbrand/general/arrows</path>
      <value><![CDATA[true]]></value>
    </config>
    <config>
      <path>shopbrand/product/slide</path>
      <value><![CDATA[1]]></value>
    </config>
    <config>
      <path>shopbrand/product/autoplay</path>
      <value><![CDATA[false]]></value>
    </config>
    <config>
      <path>shopbrand/product/portrait</path>
      <value><![CDATA[1]]></value>
    </config>
    <config>
      <path>shopbrand/product/landscape</path>
      <value><![CDATA[1]]></value>
    </config>
    <config>
      <path>shopbrand/product/tablet</path>
      <value><![CDATA[2]]></value>
    </config>
    <config>
      <path>shopbrand/product/notebook</path>
      <value><![CDATA[2]]></value>
    </config>
    <config>
      <path>shopbrand/product/laptop</path>
      <value><![CDATA[3]]></value>
    </config>
    <config>
      <path>shopbrand/product/desktop</path>
      <value><![CDATA[3]]></value>
    </config>
    <config>
      <path>shopbrand/product/visible</path>
      <value><![CDATA[3]]></value>
    </config>
    <config>
      <path>shopbrand/product/arrows</path>
      <value><![CDATA[true]]></value>
    </config>
    <config>
      <path>web/default/front</path>
      <value>cms</value>
    </config>
    <config>
      <path>web/default/cms_home_page</path>
      <value>home</value>
    </config>
    <config>
      <path>web/default/cms_no_route</path>
      <value>no-route</value>
    </config>
  </system>
  <theme>Alothemes/expert1</theme>
</root>
